Date,gasoline_usd_gal,diesel_usd_gal,brent_usd_bbl,usdzar
2011-09-01,2.892699956893921,3.051800012588501,114.29000091552734,6.99399995803833
2011-09-02,2.839600086212158,2.9974000453948975,112.33000183105469,6.979400157928467
2011-09-05,2.839600086212158,2.9974000453948975,112.33000183105469,7.061299800872803
2011-09-06,2.8225998878479004,3.010200023651123,112.88999938964844,7.111100196838379
2011-09-07,2.9079999923706055,3.0755999088287354,115.80000305175781,7.164999961853027
2011-09-08,2.885200023651123,3.044300079345703,114.55000305175781,7.110199928283691
2011-09-09,2.7709999084472656,2.98580002784729,112.7699966430664,7.157100200653076
2011-09-12,2.7381999492645264,2.947499990463257,112.25,7.2829999923706055
2011-09-13,2.7423999309539795,2.9361000061035156,111.88999938964844,7.402500152587891
2011-09-14,2.725800037384033,2.944999933242798,112.4000015258789,7.270999908447266
2011-09-15,2.7827999591827393,3.024600028991699,115.33999633789062,7.388000011444092
2011-09-16,2.78410005569458,3.0088999271392822,112.22000122070312,7.377500057220459
2011-09-19,2.696500062942505,2.944700002670288,109.13999938964844,7.4710001945495605
2011-09-20,2.7014000415802,2.9616000652313232,110.54000091552734,7.702000141143799
2011-09-21,2.6665000915527344,2.9342000484466553,110.36000061035156,7.71560001373291
2011-09-22,2.559999942779541,2.8485000133514404,105.48999786376953,8.238401412963867
2011-09-23,2.5546998977661133,2.795799970626831,103.97000122070312,8.402999877929688
2011-09-26,2.5694000720977783,2.7915000915527344,103.97000122070312,8.069999694824219
2011-09-27,2.695499897003174,2.8766000270843506,107.13999938964844,8.02929973602295
2011-09-28,2.650700092315674,2.8183999061584473,103.80999755859375,7.86359977722168
2011-09-29,2.6191999912261963,2.8180999755859375,103.94999694824219,7.9070000648498535
2011-09-30,2.625999927520752,2.794800043106079,102.76000213623047,7.9770002365112305
2011-10-03,2.510999917984009,2.7528998851776123,101.70999908447266,8.08899974822998
2011-10-04,2.4883999824523926,2.723400115966797,99.79000091552734,8.283699989318848
2011-10-05,2.569200038909912,2.776599884033203,99.79000091552734,8.08080005645752
2011-10-06,2.686000108718872,2.8610999584198,105.7300033569336,7.970300197601318
2011-10-07,2.647599935531616,2.858799934387207,105.87999725341797,7.9070000648498535
2011-10-10,2.6953001022338867,2.903899908065796,108.94999694824219,7.952000141143799
2011-10-11,2.7476000785827637,2.904099941253662,110.7300033569336,7.831900119781494
2011-10-12,2.748699903488159,2.9347000122070312,111.36000061035156,7.908999919891357
2011-10-13,2.757499933242798,2.971400022506714,111.11000061035156,7.813499927520752
2011-10-14,2.824700117111206,3.055799961090088,114.68000030517578,7.880199909210205
2011-10-17,2.7428998947143555,3.0136001110076904,110.16000366210938,7.817500114440918
2011-10-18,2.7469000816345215,3.0276999473571777,111.1500015258789,7.960999965667725
2011-10-19,2.6714999675750732,2.9811999797821045,108.38999938964844,7.953000068664551
2011-10-20,2.67549991607666,3.030100107192993,109.76000213623047,8.020999908447266
2011-10-21,2.6846001148223877,3.0174999237060547,109.55999755859375,8.125
2011-10-24,2.688800096511841,3.0546000003814697,111.44999694824219,8.04699993133545
2011-10-25,2.6998000144958496,3.0501999855041504,110.91999816894531,7.858799934387207
2011-10-26,2.651599884033203,3.0157999992370605,108.91000366210938,7.913899898529053
2011-10-27,2.742000102996826,3.098400115966797,112.08000183105469,7.922999858856201
2011-10-28,2.6821999549865723,3.0592000484466553,109.91000366210938,7.692999839782715
2011-10-31,2.642899990081787,3.0429000854492188,109.55999755859375,7.704999923706055
2011-11-01,2.6243999004364014,3.037899971008301,109.54000091552734,7.933000087738037
2011-11-02,2.62719988822937,3.000699996948242,109.33999633789062,8.083000183105469
2011-11-03,2.6417999267578125,3.038100004196167,110.83000183105469,8.007499694824219
2011-11-04,2.6633999347686768,3.07069993019104,111.97000122070312,7.829999923706055
2011-11-07,2.7281999588012695,3.119800090789795,114.55999755859375,7.86899995803833
2011-11-08,2.706399917602539,3.1161000728607178,115.0,7.926599979400635
2011-11-09,2.644200086593628,3.098599910736084,112.30999755859375,7.817800045013428
2011-11-10,2.6368000507354736,3.151099920272827,113.70999908447266,8.044300079345703
2011-11-11,2.603800058364868,3.171600103378296,114.16000366210938,7.967100143432617
2011-11-14,2.5353000164031982,3.1621999740600586,111.88999938964844,7.87470006942749
2011-11-15,2.585700035095215,3.171299934387207,112.38999938964844,7.999800205230713
2011-11-16,2.6273000240325928,3.1345999240875244,111.87999725341797,8.151000022888184
2011-11-17,2.5071001052856445,3.083199977874756,108.22000122070312,8.188501358032227
2011-11-18,2.4783999919891357,3.0325000286102295,107.55999755859375,8.190999984741211
2011-11-21,2.489000082015991,2.99429988861084,107.55999755859375,8.161999702453613
2011-11-22,2.561800003051758,3.034600019454956,109.02999877929688,8.305000305175781
2011-11-23,2.517699956893921,2.9591000080108643,107.0199966430664,8.387200355529785
2011-11-24,2.517699956893921,2.9591000080108643,107.0199966430664,8.576299667358398
2011-11-25,2.448899984359741,2.927299976348877,106.4000015258789,8.484700202941895
2011-11-28,2.5181000232696533,2.969899892807007,109.0,8.471599578857422
2011-11-29,2.539099931716919,3.0211000442504883,110.81999969482422,8.372300148010254
2011-11-30,2.567699909210205,3.021399974822998,110.81999969482422,8.312999725341797
2011-12-01,2.5578999519348145,2.9695000648498535,108.98999786376953,8.120599746704102
2011-12-02,2.6161999702453613,2.990000009536743,109.94000244140625,8.077300071716309
2011-12-05,2.6136999130249023,2.9923999309539795,109.80999755859375,7.99429988861084
2011-12-06,2.645400047302246,3.021699905395508,110.80999755859375,8.026399612426758
2011-12-07,2.586899995803833,2.9823999404907227,109.52999877929688,8.012800216674805
2011-12-08,2.5666000843048096,2.929800033569336,108.11000061035156,8.010600090026855
2011-12-09,2.596100091934204,2.9124999046325684,108.62000274658203,8.206999778747559
2011-12-12,2.5636000633239746,2.8961000442504883,107.26000213623047,8.085000038146973
2011-12-13,2.6254000663757324,2.928800106048584,109.5,8.278499603271484
2011-12-14,2.503700017929077,2.829900026321411,105.0199966430664,8.36359977722168
2011-12-15,2.4876999855041504,2.822499990463257,105.08999633789062,8.420999526977539
2011-12-16,2.486999988555908,2.80049991607666,103.3499984741211,8.369000434875488
2011-12-19,2.4890999794006348,2.780400037765503,103.63999938964844,8.376299858093262
2011-12-20,2.578700065612793,2.849400043487549,106.7300033569336,8.378499984741211
2011-12-21,2.6198999881744385,2.9086999893188477,107.70999908447266,8.192000389099121
2011-12-22,2.6398000717163086,2.907599925994873,107.88999938964844,8.229999542236328
2011-12-23,2.6872000694274902,2.890700101852417,107.95999908447266,8.178600311279297
2011-12-26,2.6872000694274902,2.890700101852417,107.95999908447266,8.141200065612793
2011-12-27,2.688800096511841,2.9084999561309814,109.2699966430664,8.141599655151367
2011-12-28,2.6512999534606934,2.893399953842163,107.55999755859375,8.131099700927734
2011-12-29,2.6800999641418457,2.9175000190734863,108.01000213623047,8.191800117492676
2011-12-30,2.686300039291382,2.934999942779541,107.37999725341797,8.154000282287598
2012-01-02,2.686300039291382,2.934999942779541,107.37999725341797,8.068400382995605
2012-01-03,2.7486000061035156,3.0381999015808105,112.12999725341797,8.068599700927734
2012-01-04,2.7852001190185547,3.089900016784668,113.69999694824219,8.05270004272461
2012-01-05,2.7365000247955322,3.038800001144409,112.73999786376953,8.131199836730957
2012-01-06,2.7516000270843506,3.070199966430664,113.05999755859375,8.182100296020508
2012-01-09,2.759000062942505,3.072999954223633,112.44999694824219,8.178000450134277
2012-01-10,2.7727999687194824,3.1013998985290527,113.27999877929688,8.160099983215332
2012-01-11,2.7632999420166016,3.0645999908447266,112.23999786376953,8.10420036315918
2012-01-12,2.731300115585327,3.0541000366210938,111.26000213623047,8.086899757385254
2012-01-13,2.7342000007629395,3.0271999835968018,110.44000244140625,8.051300048828125
2012-01-16,2.7342000007629395,3.0271999835968018,110.44000244140625,8.156000137329102
2012-01-17,2.7713000774383545,3.0371999740600586,111.52999877929688,8.093700408935547
2012-01-18,2.8254001140594482,3.013400077819824,110.66000366210938,8.028200149536133
2012-01-19,2.8157999515533447,3.0360000133514404,111.55000305175781,7.952499866485596
2012-01-20,2.78439998626709,2.9883999824523926,109.86000061035156,7.906000137329102
2012-01-23,2.777899980545044,3.0097999572753906,110.58000183105469,7.950099945068359
2012-01-24,2.805000066757202,3.024199962615967,110.02999877929688,7.93179988861084
2012-01-25,2.8338000774383545,3.019200086593628,109.80999755859375,7.9496002197265625
2012-01-26,2.84660005569458,3.053499937057495,110.79000091552734,7.871799945831299
2012-01-27,2.926800012588501,3.0703999996185303,111.45999908447266,7.816800117492676
2012-01-30,2.870699882507324,3.051800012588501,110.75,7.7434000968933105
2012-01-31,2.887399911880493,3.0627999305725098,110.9800033569336,7.828199863433838
2012-02-01,2.892199993133545,3.0455000400543213,111.55999755859375,7.791800022125244
2012-02-02,2.8689000606536865,3.0529000759124756,112.06999969482422,7.6620001792907715
2012-02-03,2.914400100708008,3.1143999099731445,114.58000183105469,7.637599945068359
2012-02-06,2.9279000759124756,3.1707000732421875,115.93000030517578,7.540800094604492
2012-02-07,2.927500009536743,3.1909000873565674,116.2300033569336,7.540309906005859
2012-02-08,2.9751999378204346,3.189500093460083,117.19999694824219,7.5578999519348145
2012-02-09,3.0127999782562256,3.2084999084472656,118.58999633789062,7.558300018310547
2012-02-10,2.974900007247925,3.1821000576019287,117.30999755859375,7.5802998542785645
2012-02-13,3.012500047683716,3.1600000858306885,117.93000030517578,7.664299964904785
2012-02-14,2.9825000762939453,3.164799928665161,118.16000366210938,7.698299884796143
2012-02-15,3.006700038909912,3.1916000843048096,118.93000030517578,7.715700149536133
2012-02-16,3.047100067138672,3.209700107574463,120.11000061035156,7.7617998123168945
2012-02-17,3.0155999660491943,3.1888999938964844,119.58000183105469,7.764100074768066
2012-02-20,3.0155999660491943,3.1888999938964844,119.58000183105469,7.6717000007629395
2012-02-21,3.070199966430664,3.239300012588501,121.66000366210938,7.686500072479248
2012-02-22,3.0876998901367188,3.27239990234375,122.9000015258789,7.732699871063232
2012-02-23,3.113600015640259,3.2948999404907227,123.62000274658203,7.711100101470947
2012-02-24,3.1528000831604004,3.3159000873565674,125.47000122070312,7.65369987487793
2012-02-27,3.1282999515533447,3.286400079727173,124.16999816894531,7.577600002288818
2012-02-28,3.04010009765625,3.22379994392395,121.55000305175781,7.551700115203857
2012-02-29,3.04229998588562,3.187999963760376,122.66000366210938,7.481299877166748
2012-03-01,3.3517000675201416,3.2753000259399414,126.19999694824219,7.474899768829346
2012-03-02,3.2720999717712402,3.2018001079559326,123.6500015258789,7.436800003051758
2012-03-05,3.257999897003174,3.217400074005127,123.80000305175781,7.508299827575684
2012-03-06,3.2298998832702637,3.188199996948242,121.9800033569336,7.547699928283691
2012-03-07,3.287400007247925,3.219399929046631,124.12000274658203,7.646100044250488
2012-03-08,3.313999891281128,3.2695000171661377,125.44000244140625,7.591800212860107
2012-03-09,3.33240008354187,3.2637999057769775,125.9800033569336,7.478899955749512
2012-03-12,3.322999954223633,3.2428998947143555,125.33999633789062,7.564799785614014
2012-03-13,3.354599952697754,3.271199941635132,126.22000122070312,7.541999816894531
2012-03-14,3.3469998836517334,3.2618000507354736,124.97000122070312,7.529200077056885
2012-03-15,3.2885000705718994,3.2225000858306885,123.55000305175781,7.689680099487305
2012-03-16,3.3568999767303467,3.281899929046631,125.80999755859375,7.6020002365112305
2012-03-19,3.367799997329712,3.2613000869750977,125.70999908447266,7.561800003051758
2012-03-20,3.363100051879883,3.2367000579833984,124.12000274658203,7.5295000076293945
2012-03-21,3.357100009918213,3.216200113296509,124.19999694824219,7.603499889373779
2012-03-22,3.339600086212158,3.1786999702453613,123.13999938964844,7.643799781799316
2012-03-23,3.385200023651123,3.210099935531616,125.12999725341797,7.698200225830078
2012-03-26,3.416599988937378,3.228800058364868,125.6500015258789,7.684899806976318
2012-03-27,3.405600070953369,3.218600034713745,125.54000091552734,7.581399917602539
2012-03-28,3.3954999446868896,3.207900047302246,124.16000366210938,7.598899841308594
2012-03-29,3.400599956512451,3.158900022506714,122.38999938964844,7.67110013961792
2012-03-30,3.389899969100952,3.1684000492095947,122.87999725341797,7.710000038146973
2012-04-02,3.382200002670288,3.2495999336242676,125.43000030517578,7.622900009155273
2012-04-03,3.395400047302246,3.2274999618530273,124.86000061035156,7.642000198364258
2012-04-04,3.3336000442504883,3.160900115966797,122.33999633789062,7.73721981048584
2012-04-05,3.3405001163482666,3.1691999435424805,123.43000030517578,7.820499897003174
2012-04-06,3.3405001163482666,3.1691999435424805,123.43000030517578,7.826399803161621
2012-04-09,3.2967000007629395,3.145900011062622,122.66999816894531,7.883800029754639
2012-04-10,3.2495999336242676,3.0957000255584717,119.87999725341797,7.879700183868408
2012-04-11,3.2955000400543213,3.1149001121520996,120.18000030517578,7.9847002029418945
2012-04-12,3.3566999435424805,3.166300058364868,121.70999908447266,7.978000164031982
2012-04-13,3.346100091934204,3.1745998859405518,121.83000183105469,7.868500232696533
2012-04-16,3.2669999599456787,3.1166000366210938,118.68000030517578,7.9446001052856445
2012-04-17,3.2339999675750732,3.1266000270843506,118.77999877929688,7.938700199127197
2012-04-18,3.202699899673462,3.1182000637054443,117.97000122070312,7.796999931335449
2012-04-19,3.154099941253662,3.1250998973846436,118.0,7.836400032043457
2012-04-20,3.142699956893921,3.1375999450683594,118.76000213623047,7.844299793243408
2012-04-23,3.187299966812134,3.1398000717163086,118.70999908447266,7.8017802238464355
2012-04-24,3.1593000888824463,3.129499912261963,118.16000366210938,7.839600086212158
2012-04-25,3.1556999683380127,3.161099910736084,119.12000274658203,7.787099838256836
2012-04-26,3.183300018310547,3.1944000720977783,119.91999816894531,7.736800193786621
2012-04-27,3.206199884414673,3.1807000637054443,119.83000183105469,7.774199962615967
2012-04-30,3.1844000816345215,3.1833999156951904,119.47000122070312,7.744500160217285
2012-05-01,3.097100019454956,3.1770999431610107,119.66000366210938,7.764999866485596
2012-05-02,3.075700044631958,3.1424999237060547,118.19999694824219,7.7291998863220215
2012-05-03,3.049999952316284,3.086899995803833,116.08000183105469,7.730500221252441
2012-05-04,2.975800037384033,3.0088000297546387,113.18000030517578,7.7256999015808105
2012-05-07,2.974100112915039,2.9814000129699707,113.16000366210938,7.881100177764893
2012-05-08,2.9944000244140625,2.9900999069213867,112.7300033569336,7.798999786376953
2012-05-09,3.0241000652313232,2.9990999698638916,113.19999694824219,7.892000198364258
2012-05-10,3.010200023651123,2.9834001064300537,112.7300033569336,7.991499900817871
2012-05-11,3.0007998943328857,2.963599920272827,112.26000213623047,8.028200149536133
2012-05-14,2.9590001106262207,2.929500102996826,111.56999969482422,8.104999542236328
2012-05-15,2.9440999031066895,2.933000087738037,112.23999786376953,8.195500373840332
2012-05-16,2.9209001064300537,2.897599935531616,111.70999908447266,8.327799797058105
2012-05-17,2.878200054168701,2.8489999771118164,107.48999786376953,8.306500434875488
2012-05-18,2.8894999027252197,2.8299999237060547,107.13999938964844,8.364100456237793
2012-05-21,2.9400999546051025,2.860300064086914,108.80999755859375,8.322999954223633
2012-05-22,2.937000036239624,2.8613998889923096,108.41000366210938,8.218700408935547
2012-05-23,2.872299909591675,2.8120999336242676,105.55999755859375,8.338899612426758
2012-05-24,2.876499891281128,2.821899890899658,106.55000305175781,8.392499923706055
2012-05-25,2.892899990081787,2.8287999629974365,106.83000183105469,8.35990047454834
2012-05-28,2.892899990081787,2.8287999629974365,106.83000183105469,8.356900215148926
2012-05-29,2.9065001010894775,2.808799982070923,106.68000030517578,8.339099884033203
2012-05-30,2.8582000732421875,2.739799976348877,103.47000122070312,8.303400039672852
2012-05-31,2.825000047683716,2.706199884414673,101.87000274658203,8.532500267028809
2012-06-01,2.6568000316619873,2.6278998851776123,98.43000030517578,8.499300003051758
2012-06-04,2.6707000732421875,2.6268999576568604,98.8499984741211,8.5871000289917
2012-06-05,2.6847000122070312,2.6335999965667725,98.83999633789062,8.476300239562988
2012-06-06,2.6902999877929688,2.6717000007629395,100.63999938964844,8.414799690246582
2012-06-07,2.684999942779541,2.667099952697754,99.93000030517578,8.301899909973145
2012-06-08,2.6851999759674072,2.672100067138672,99.47000122070312,8.373600006103516
2012-06-11,2.656599998474121,2.635699987411499,98.0,8.305999755859375
2012-06-12,2.6501998901367188,2.621500015258789,97.13999938964844,8.467100143432617
2012-06-13,2.655400037765503,2.6108999252319336,97.12999725341797,8.387100219726562
2012-06-14,2.6763999462127686,2.6277999877929688,97.02999877929688,8.385000228881836
2012-06-15,2.70169997215271,2.6465001106262207,97.61000061035156,8.365099906921387
2012-06-18,2.660900115966797,2.6177000999450684,96.05000305175781,8.26669979095459
2012-06-19,2.6414999961853027,2.6350998878479004,95.76000213623047,8.296299934387207
2012-06-20,2.5901999473571777,2.587399959564209,92.69000244140625,8.194000244140625
2012-06-21,2.550100088119507,2.5253000259399414,89.2300033569336,8.190600395202637
2012-06-22,2.5699000358581543,2.5336999893188477,90.9800033569336,8.373200416564941
2012-06-25,2.6458001136779785,2.5385000705718994,91.01000213623047,8.40884017944336
2012-06-26,2.6451001167297363,2.5764999389648438,93.0199966430664,8.465299606323242
2012-06-27,2.6203999519348145,2.5936999320983887,93.5,8.427499771118164
2012-06-28,2.6142001152038574,2.5518999099731445,91.36000061035156,8.430000305175781
2012-06-29,2.7272000312805176,2.696000099182129,97.80000305175781,8.3927001953125
2012-07-02,2.6238999366760254,2.6758999824523926,97.33999633789062,8.148599624633789
2012-07-03,2.722899913787842,2.758500099182129,100.68000030517578,8.161199569702148
2012-07-04,2.722899913787842,2.758500099182129,100.68000030517578,8.06719970703125
2012-07-05,2.7648000717163086,2.768399953842163,100.69999694824219,8.130200386047363
2012-07-06,2.7160000801086426,2.70989990234375,98.19000244140625,8.131699562072754
2012-07-09,2.759399890899658,2.749000072479248,100.31999969482422,8.253199577331543
2012-07-10,2.7469000816345215,2.7195000648498535,97.97000122070312,8.223999977111816
2012-07-11,2.768899917602539,2.7618000507354736,100.2300033569336,8.21030044555664
2012-07-12,2.8062000274658203,2.7732999324798584,101.06999969482422,8.230299949645996
2012-07-13,2.8160998821258545,2.7881999015808105,102.4000015258789,8.333499908447266
2012-07-16,2.8547000885009766,2.827699899673462,103.55000305175781,8.252900123596191
2012-07-17,2.8450000286102295,2.8422000408172607,104.0,8.208600044250488
2012-07-18,2.8833999633789062,2.8775999546051025,105.16000366210938,8.162199974060059
2012-07-19,2.9388999938964844,2.947000026702881,107.80000305175781,8.154999732971191
2012-07-20,2.943000078201294,2.924299955368042,106.83000183105469,8.170299530029297
2012-07-23,2.8828999996185303,2.8189001083374023,103.26000213623047,8.286299705505371
2012-07-24,2.8248000144958496,2.824399948120117,103.41999816894531,8.454000473022461
2012-07-25,2.7929000854492188,2.8440001010894775,104.37999725341797,8.51609992980957
2012-07-26,2.813800096511841,2.868499994277954,105.26000213623047,8.403599739074707
2012-07-27,2.8877999782562256,2.8894999027252197,106.47000122070312,8.248700141906738
2012-07-30,2.936800003051758,2.8791000843048096,106.19999694824219,8.181599617004395
2012-07-31,2.914599895477295,2.8417000770568848,104.91999816894531,8.1875
2012-08-01,2.834199905395508,2.858799934387207,105.95999908447266,8.25220012664795
2012-08-02,2.8696000576019287,2.8422999382019043,105.9000015258789,8.32979965209961
2012-08-03,2.930999994277954,2.926100015640259,108.94000244140625,8.361200332641602
2012-08-06,2.9221999645233154,2.9409000873565674,109.55000305175781,8.127599716186523
2012-08-07,2.991300106048584,2.997999906539917,112.0,8.16349983215332
2012-08-08,2.9804000854492188,3.015899896621704,112.13999938964844,8.168299674987793
2012-08-09,3.0007998943328857,3.0450000762939453,113.22000122070312,8.09000015258789
2012-08-10,3.0039000511169434,3.0204999446868896,112.94999694824219,8.080400466918945
2012-08-13,2.9907000064849854,3.0183000564575195,113.5999984741211,8.095600128173828
2012-08-14,3.0013999938964844,3.034600019454956,114.02999877929688,8.148900032043457
2012-08-15,3.0840001106262207,3.085200071334839,116.25,8.183500289916992
2012-08-16,3.083199977874756,3.1229000091552734,116.9000015258789,8.219499588012695
2012-08-17,3.0274999141693115,3.092600107192993,113.70999908447266,8.215299606323242
2012-08-20,3.0308001041412354,3.093100070953369,113.69999694824219,8.311599731445312
2012-08-21,3.065200090408325,3.124300003051758,114.63999938964844,8.321700096130371
2012-08-22,3.1041998863220215,3.128700017929077,114.91000366210938,8.252599716186523
2012-08-23,3.115799903869629,3.132999897003174,115.01000213623047,8.218899726867676
2012-08-24,3.078000068664551,3.110100030899048,113.58999633789062,8.324299812316895
2012-08-27,3.1547999382019043,3.111799955368042,112.26000213623047,8.385499954223633
2012-08-28,3.1261000633239746,3.120300054550171,112.58000183105469,8.438799858093262
2012-08-29,3.1003000736236572,3.1157000064849854,112.54000091552734,8.398309707641602
2012-08-30,3.0826001167297363,3.124500036239624,112.6500015258789,8.4173002243042
2012-08-31,3.105600118637085,3.169600009918213,114.56999969482422,8.493599891662598
2012-09-03,3.105600118637085,3.169600009918213,114.56999969482422,8.420599937438965
2012-09-04,2.952199935913086,3.1468000411987305,114.18000030517578,8.386300086975098
2012-09-05,2.9498000144958496,3.1175999641418457,113.08999633789062,8.413999557495117
2012-09-06,2.990999937057495,3.1424999237060547,113.48999786376953,8.405799865722656
2012-09-07,3.0195999145507812,3.148900032043457,114.25,8.30049991607666
2012-09-10,3.0239999294281006,3.166800022125244,114.80999755859375,8.185090065002441
2012-09-11,3.0434999465942383,3.185699939727783,115.4000015258789,8.164999961853027
2012-09-12,3.0016000270843506,3.2151999473571777,115.95999908447266,8.169699668884277
2012-09-13,2.9621999263763428,3.2112998962402344,116.9000015258789,8.322400093078613
2012-09-14,3.0155999660491943,3.239500045776367,116.9000015258789,8.25220012664795
2012-09-17,2.9433000087738037,3.1633999347686768,116.9000015258789,8.228819847106934
2012-09-18,2.8989999294281006,3.1270999908447266,112.02999877929688,8.258999824523926
2012-09-19,2.8285999298095703,3.0439999103546143,108.19000244140625,8.185799598693848
2012-09-20,2.9040000438690186,3.0975000858306885,110.02999877929688,8.262100219726562
2012-09-21,2.942500114440918,3.120699882507324,111.41999816894531,8.300600051879883
2012-09-24,2.91759991645813,3.0987000465393066,109.80999755859375,8.254799842834473
2012-09-25,2.967099905014038,3.108599901199341,110.44999694824219,8.243399620056152
2012-09-26,3.0810999870300293,3.106800079345703,110.04000091552734,8.228099822998047
2012-09-27,3.1442999839782715,3.1572999954223633,112.01000213623047,8.223099708557129
2012-09-28,3.3420000076293945,3.1693999767303467,112.38999938964844,8.226200103759766
2012-10-01,2.920099973678589,3.1357998847961426,112.19000244140625,8.313599586486816
2012-10-02,2.8691999912261963,3.125499963760376,111.56999969482422,8.360699653625488
2012-10-03,2.799499988555908,3.0664000511169434,108.16999816894531,8.361000061035156
2012-10-04,2.9428999423980713,3.1884000301361084,112.58000183105469,8.413100242614746
2012-10-05,2.952500104904175,3.155900001525879,112.0199966430664,8.498700141906738
2012-10-08,2.8931000232696533,3.1442999839782715,111.81999969482422,8.751099586486816
2012-10-09,2.958699941635132,3.203200101852417,114.5,8.89109992980957
2012-10-10,2.9593000411987305,3.213099956512451,114.33000183105469,8.769100189208984
2012-10-11,2.9556000232696533,3.2571001052856445,115.70999908447266,8.73840045928955
2012-10-12,2.8928000926971436,3.223900079727173,114.62000274658203,8.66450023651123
2012-10-15,2.8503000736236572,3.2091000080108643,115.80000305175781,8.766300201416016
2012-10-16,2.8452999591827393,3.198499917984009,115.06999969482422,8.79170036315918
2012-10-17,2.7816998958587646,3.1893999576568604,115.06999969482422,8.685700416564941
2012-10-18,2.7451000213623047,3.1865999698638916,115.06999969482422,8.598799705505371
2012-10-19,2.6963000297546387,3.134500026702881,110.13999938964844,8.64430046081543
2012-10-22,2.6475000381469727,3.07669997215271,109.44000244140625,8.662500381469727
2012-10-23,2.6050000190734863,3.0434000492095947,108.25,8.627099990844727
2012-10-24,2.6029999256134033,3.039400100708008,107.8499984741211,8.744099617004395
2012-10-25,2.6763999462127686,3.0620999336242676,108.48999786376953,8.774999618530273
2012-10-26,2.6991000175476074,3.0978000164031982,109.55000305175781,8.725799560546875
2012-10-29,2.6991000175476074,3.0978000164031982,109.55000305175781,8.662199974060059
2012-10-30,2.6991000175476074,3.0978000164031982,109.55000305175781,8.675299644470215
2012-10-31,2.7618000507354736,3.06820011138916,108.69999694824219,8.633199691772461
2012-11-01,2.6335999965667725,3.0332000255584717,108.16999816894531,8.672599792480469
2012-11-02,2.5736000537872314,2.9474000930786133,105.68000030517578,8.631699562072754
2012-11-05,2.6201999187469482,2.9828999042510986,107.7300033569336,8.73799991607666
2012-11-06,2.698899984359741,3.0529000759124756,111.06999969482422,8.721799850463867
2012-11-07,2.588900089263916,2.962100028991699,106.81999969482422,8.633700370788574
2012-11-08,2.607300043106079,2.955399990081787,107.25,8.630510330200195
2012-11-09,2.699199914932251,3.005500078201294,109.4000015258789,8.703399658203125
2012-11-12,2.676300048828125,2.9992001056671143,109.06999969482422,8.692999839782715
2012-11-13,2.6538000106811523,2.9607999324798584,108.26000213623047,8.745039939880371
2012-11-14,2.678999900817871,2.9881999492645264,109.61000061035156,8.784799575805664
2012-11-15,2.696199893951416,2.9735000133514404,110.9800033569336,8.888500213623047
2012-11-16,2.710099935531616,2.986799955368042,110.9800033569336,8.92140007019043
2012-11-19,2.754499912261963,3.0750999450683594,110.83999633789062,8.854399681091309
2012-11-20,2.7125000953674316,3.0392000675201416,109.83000183105469,8.846099853515625
2012-11-21,2.749500036239624,3.072200059890747,110.86000061035156,8.84160041809082
2012-11-22,2.749500036239624,3.072200059890747,110.86000061035156,8.968420028686523
2012-11-23,2.7439000606536865,3.0771000385284424,111.37999725341797,8.933099746704102
2012-11-26,2.726300001144409,3.0464999675750732,110.91999816894531,8.86989974975586
2012-11-27,2.732100009918213,3.009399890899658,109.87000274658203,8.845999717712402
2012-11-28,2.7339000701904297,3.007999897003174,109.51000213623047,8.835800170898438
2012-11-29,2.7869999408721924,3.040600061416626,110.76000213623047,8.820300102233887
2012-11-30,2.761399984359741,3.041300058364868,111.2300033569336,8.777099609375
2012-12-03,2.7265000343322754,3.0562000274658203,110.91999816894531,8.890199661254883
2012-12-04,2.688999891281128,3.003999948501587,109.83999633789062,8.890199661254883
2012-12-05,2.6377999782562256,2.9907000064849854,108.80999755859375,8.783900260925293
2012-12-06,2.59689998626709,2.94320011138916,107.02999877929688,8.766500473022461
2012-12-07,2.597399950027466,2.915299892425537,107.0199966430664,8.689200401306152
2012-12-10,2.598099946975708,2.896199941635132,107.33000183105469,8.67080020904541
2012-12-11,2.6105000972747803,2.927000045776367,108.01000213623047,8.667900085449219
2012-12-12,2.6465001106262207,2.9667999744415283,109.5,8.656000137329102
2012-12-13,2.602099895477295,2.943700075149536,107.91000366210938,8.652700424194336
2012-12-14,2.662100076675415,2.9807000160217285,109.1500015258789,8.652000427246094
2012-12-17,2.654599905014038,2.9563000202178955,109.1500015258789,8.631799697875977
2012-12-18,2.6909000873565674,2.996500015258789,109.1500015258789,8.524900436401367
2012-12-19,2.7430999279022217,3.035599946975708,110.36000061035156,8.45199966430664
2012-12-20,2.754300117492676,3.057499885559082,110.19999694824219,8.492400169372559
2012-12-21,2.7346999645233154,3.02239990234375,108.97000122070312,8.481599807739258
2012-12-24,2.7506000995635986,3.00219988822937,108.80000305175781,8.555899620056152
2012-12-25,2.7506000995635986,3.00219988822937,108.80000305175781,8.561300277709961
2012-12-26,2.8157999515533447,3.051300048828125,111.06999969482422,8.580599784851074
2012-12-27,2.8213000297546387,3.0722999572753906,110.80000305175781,8.565699577331543
2012-12-28,2.7999000549316406,3.044800043106079,110.62000274658203,8.476799964904785
2012-12-31,2.812000036239624,3.045099973678589,111.11000061035156,8.47089958190918
2013-01-01,2.812000036239624,3.045099973678589,111.11000061035156,8.39780044555664
2013-01-02,2.795099973678589,3.046299934387207,112.47000122070312,8.449700355529785
2013-01-03,2.7976999282836914,3.025099992752075,112.13999938964844,8.478099822998047
2013-01-04,2.7643001079559326,3.017699956893921,111.30999755859375,8.587699890136719
2013-01-07,2.777400016784668,3.032099962234497,111.4000015258789,8.555399894714355
2013-01-08,2.7943999767303467,3.058500051498413,111.94000244140625,8.560500144958496
2013-01-09,2.778899908065796,3.0699000358581543,111.76000213623047,8.573599815368652
2013-01-10,2.793299913406372,3.05430006980896,111.88999938964844,8.589099884033203
2013-01-11,2.739500045776367,3.008500099182129,110.63999938964844,8.656100273132324
2013-01-14,2.7541000843048096,3.0625,111.87999725341797,8.7322998046875
2013-01-15,2.7065999507904053,3.0113000869750977,110.30000305175781,8.700799942016602
2013-01-16,2.721400022506714,2.9990999698638916,110.61000061035156,8.802820205688477
2013-01-17,2.768399953842163,3.021199941635132,110.61000061035156,8.802200317382812
2013-01-18,2.796799898147583,3.052500009536743,110.61000061035156,8.812800407409668
2013-01-21,2.796799898147583,3.052500009536743,110.61000061035156,8.876620292663574
2013-01-22,2.829900026321411,3.06820011138916,112.41999816894531,8.856100082397461
2013-01-23,2.8338000774383545,3.0780999660491943,112.80000305175781,8.843600273132324
2013-01-24,2.8629000186920166,3.086400032043457,113.27999877929688,9.062600135803223
2013-01-25,2.8754000663757324,3.05679988861084,113.27999877929688,9.065400123596191
2013-01-28,2.934799909591675,3.0615999698638916,113.4800033569336,8.94320011138916
2013-01-29,2.973400115966797,3.1092000007629395,114.36000061035156,9.094499588012695
2013-01-30,3.0387001037597656,3.117300033569336,114.9000015258789,9.02079963684082
2013-01-31,3.0257999897003174,3.1298000812530518,115.55000305175781,9.018699645996094
2013-02-01,3.0536000728607178,3.160599946975708,116.76000213623047,8.958100318908691
2013-02-04,3.0114998817443848,3.1540000438690186,115.5999984741211,8.852700233459473
2013-02-05,3.037400007247925,3.1912999153137207,116.5199966430664,8.911199569702148
2013-02-06,3.0397000312805176,3.185800075531006,116.7300033569336,8.820099830627441
2013-02-07,2.9999001026153564,3.19950008392334,117.23999786376953,8.900699615478516
2013-02-08,3.058799982070923,3.2383999824523926,118.9000015258789,8.911100387573242
2013-02-11,3.021199941635132,3.2314999103546143,118.12999725341797,8.872099876403809
2013-02-12,3.050299882888794,3.2362000942230225,118.66000366210938,8.907919883728027
2013-02-13,3.035399913787842,3.2188000679016113,118.72000122070312,8.905099868774414
2013-02-14,3.1166000366210938,3.2237000465393066,118.58000183105469,8.859199523925781
2013-02-15,3.134500026702881,3.210400104522705,118.58000183105469,8.777199745178223
2013-02-18,3.134500026702881,3.210400104522705,118.58000183105469,8.859299659729004
2013-02-19,3.1212000846862793,3.1805999279022217,117.5199966430664,8.885600090026855
2013-02-20,3.059499979019165,3.1563000679016113,115.5999984741211,8.852100372314453
2013-02-21,3.0364999771118164,3.0957000255584717,113.52999877929688,8.902999877929688
2013-02-22,3.0796000957489014,3.1041998863220215,114.0999984741211,8.889599800109863
2013-02-25,3.0611000061035156,3.098900079727173,114.44000244140625,8.884499549865723
2013-02-26,2.981600046157837,3.0316998958587646,112.70999908447266,8.824600219726562
2013-02-27,2.8564999103546143,2.9879000186920166,111.87000274658203,8.832900047302246
2013-02-28,2.914599895477295,2.97189998626709,111.37999725341797,8.83191967010498
2013-03-01,3.1285998821258545,2.9300999641418457,110.4000015258789,9.02731990814209
2013-03-04,3.098299980163574,2.919100046157837,110.08999633789062,9.09570026397705
2013-03-05,3.148200035095215,2.9730000495910645,111.61000061035156,9.074299812316895
2013-03-06,3.1247000694274902,2.975600004196167,111.05999755859375,9.034500122070312
2013-03-07,3.123300075531006,2.9795000553131104,111.1500015258789,9.116299629211426
2013-03-08,3.2035000324249268,2.974900007247925,110.8499984741211,9.138799667358398
2013-03-11,3.152400016784668,2.969099998474121,110.22000122070312,9.086600303649902
2013-03-12,3.1501998901367188,2.9484000205993652,109.6500015258789,9.10569953918457
2013-03-13,3.1422998905181885,2.9242000579833984,108.5199966430664,9.160099983215332
2013-03-14,3.1412999629974365,2.929500102996826,109.41999816894531,9.254899978637695
2013-03-15,3.163800001144409,2.938999891281128,109.37999725341797,9.162599563598633
2013-03-18,3.1289000511169434,2.9267001152038574,109.37999725341797,9.215100288391113
2013-03-19,3.045099973678589,2.8640999794006348,107.44999694824219,9.166279792785645
2013-03-20,3.116300106048584,2.8921000957489014,108.72000122070312,9.271200180053711
2013-03-21,3.0706000328063965,2.8963000774383545,107.47000122070312,9.328519821166992
2013-03-22,3.0625,2.8842999935150146,107.66000366210938,9.3056001663208
2013-03-25,3.0625998973846436,2.87719988822937,108.16999816894531,9.301300048828125
2013-03-26,3.110599994659424,2.8812999725341797,109.36000061035156,9.28909969329834
2013-03-27,3.115499973297119,2.9154000282287598,109.69000244140625,9.25059986114502
2013-03-28,3.115499973297119,2.9154000282287598,110.0199966430664,9.26200008392334
2013-03-29,3.115499973297119,2.9154000282287598,110.0199966430664,9.22776985168457
2013-04-01,3.1015000343322754,3.068700075149536,111.08000183105469,9.225199699401855
2013-04-02,3.040800094604492,3.087399959564209,110.69000244140625,9.187020301818848
2013-04-03,2.9140000343322754,3.002000093460083,107.11000061035156,9.239910125732422
2013-04-04,2.898699998855591,2.963599920272827,106.33999633789062,9.217399597167969
2013-04-05,2.863600015640259,2.9098000526428223,104.12000274658203,9.165900230407715
2013-04-08,2.9093000888824463,2.953700065612793,104.66000366210938,9.103599548339844
2013-04-09,2.9423999786376953,2.9612998962402344,106.2300033569336,8.966569900512695
2013-04-10,2.8650999069213867,2.9479000568389893,105.79000091552734,8.917400360107422
2013-04-11,2.8310000896453857,2.8991000652313232,104.2699966430664,8.899800300598145
2013-04-12,2.801800012588501,2.871799945831299,103.11000061035156,8.898200035095215
2013-04-15,2.7576000690460205,2.829200029373169,100.38999938964844,8.94950008392334
2013-04-16,2.7818000316619873,2.80649995803833,100.36000061035156,9.19752025604248
2013-04-17,2.7290000915527344,2.734600067138672,100.36000061035156,9.116800308227539
2013-04-18,2.755500078201294,2.779099941253662,99.12999725341797,9.17240047454834
2013-04-19,2.77239990234375,2.787600040435791,99.6500015258789,9.175200462341309
2013-04-22,2.769399881362915,2.8094000816345215,100.38999938964844,9.214900016784668
2013-04-23,2.7190001010894775,2.8117001056671143,100.30999755859375,9.226300239562988
2013-04-24,2.7474000453948975,2.8413000106811523,101.7300033569336,9.212699890136719
2013-04-25,2.811800003051758,2.901700019836426,103.41000366210938,9.123600006103516
2013-04-26,2.83489990234375,2.90120005607605,103.16000366210938,9.077500343322754
2013-04-29,2.827500104904175,2.900700092315674,103.80999755859375,9.100500106811523
2013-04-30,2.8008999824523926,2.8733999729156494,102.37000274658203,8.982199668884277
2013-05-01,2.7193000316619873,2.7888998985290527,99.94999694824219,8.971420288085938
2013-05-02,2.780600070953369,2.8554999828338623,102.8499984741211,9.031599998474121
2013-05-03,2.8254001140594482,2.884399890899658,104.19000244140625,8.936800003051758
2013-05-06,2.8657000064849854,2.9202001094818115,105.45999908447266,8.912400245666504
2013-05-07,2.833400011062622,2.9277000427246094,104.4000015258789,8.980159759521484
2013-05-08,2.853800058364868,2.9147000312805176,104.33999633789062,9.025199890136719
2013-05-09,2.8850998878479004,2.9365999698638916,104.47000122070312,9.005200386047363
2013-05-10,2.860300064086914,2.9061999320983887,103.91000366210938,9.019599914550781
2013-05-13,2.821000099182129,2.8910000324249268,102.81999969482422,9.115799903869629
2013-05-14,2.837599992752075,2.872999906539917,102.5999984741211,9.151200294494629
2013-05-15,2.867000102996826,2.8801000118255615,103.68000030517578,9.227999687194824
2013-05-16,2.882200002670288,2.9086999893188477,103.80000305175781,9.251799583435059
2013-05-17,2.906899929046631,2.937000036239624,103.72000122070312,9.3100004196167
2013-05-20,2.905600070953369,2.9507999420166016,103.72000122070312,9.405400276184082
2013-05-21,2.8457999229431152,2.928999900817871,103.91000366210938,9.432600021362305
2013-05-22,2.8194000720977783,2.8736000061035156,102.5999984741211,9.545499801635742
2013-05-23,2.8280999660491943,2.859999895095825,102.44000244140625,9.57483959197998
2013-05-24,2.8389999866485596,2.8568999767303467,102.63999938964844,9.543330192565918
2013-05-27,2.8389999866485596,2.8568999767303467,102.63999938964844,9.584420204162598
2013-05-28,2.852799892425537,2.906599998474121,104.2300033569336,9.604100227355957
2013-05-29,2.803100109100342,2.869499921798706,102.43000030517578,9.78950023651123
2013-05-30,2.8125,2.843100070953369,102.19000244140625,9.81470012664795
2013-05-31,2.7792000770568848,2.79229998588562,100.38999938964844,10.022600173950195
2013-06-03,2.785099983215332,2.833400011062622,102.05999755859375,10.04889965057373
2013-06-04,2.81820011138916,2.8649001121520996,103.23999786376953,9.822930335998535
2013-06-05,2.822999954223633,2.8554000854492188,103.04000091552734,9.808110237121582
2013-06-06,2.8508999347686768,2.8714001178741455,103.61000061035156,10.00512981414795
2013-06-07,2.871500015258789,2.8931000232696533,104.55999755859375,9.87300968170166
2013-06-10,2.848099946975708,2.8838000297546387,103.94999694824219,10.053899765014648
2013-06-11,2.8231000900268555,2.8575000762939453,102.95999908447266,10.169500350952148
2013-06-12,2.8101000785827637,2.89520001411438,103.48999786376953,10.061300277709961
2013-06-13,2.861299991607666,2.939500093460083,104.25,10.073100090026855
2013-06-14,2.896699905395508,2.9621999263763428,104.29000091552734,9.83080005645752
2013-06-17,2.856100082397461,2.9502999782562256,104.29000091552734,9.954099655151367
2013-06-18,2.8794000148773193,2.961699962615967,106.0199966430664,9.954099655151367
2013-06-19,2.892400026321411,2.9725000858306885,106.12000274658203,9.999899864196777
2013-06-20,2.7871999740600586,2.8722000122070312,102.1500015258789,10.185319900512695
2013-06-21,2.761699914932251,2.844099998474121,100.91000366210938,10.214400291442871
2013-06-24,2.737600088119507,2.8547000885009766,101.16000366210938,10.211099624633789
2013-06-25,2.7374000549316406,2.8584001064300537,101.26000213623047,10.066920280456543
2013-06-26,2.730600118637085,2.854300022125244,101.66000366210938,10.099800109863281
2013-06-27,2.7425999641418457,2.889400005340576,102.81999969482422,10.08821964263916
2013-06-28,2.752000093460083,2.8798000812530518,102.16000366210938,9.931929588317871
2013-07-01,2.7379000186920166,2.8736000061035156,103.0,9.888420104980469
2013-07-02,2.7832999229431152,2.901400089263916,104.0,9.907520294189453
2013-07-03,2.838200092315674,2.951200008392334,105.76000213623047,9.984869956970215
2013-07-04,2.838200092315674,2.951200008392334,105.76000213623047,10.069899559020996
2013-07-05,2.8968000411987305,2.9897000789642334,107.72000122070312,10.02180004119873
2013-07-08,2.883699893951416,2.98009991645813,107.43000030517578,10.17216968536377
2013-07-09,2.9260001182556152,2.9856998920440674,107.80999755859375,10.149900436401367
2013-07-10,3.014899969100952,3.001699924468994,108.51000213623047,10.028969764709473
2013-07-11,3.021399974822998,2.994999885559082,107.7300033569336,9.874199867248535
2013-07-12,3.117500066757202,3.029400110244751,108.80999755859375,9.956000328063965
2013-07-15,3.1029000282287598,3.026099920272827,109.08999633789062,9.964920043945312
2013-07-16,3.1342999935150146,3.0469000339508057,109.4000015258789,9.872900009155273
2013-07-17,3.110100030899048,3.071199893951416,109.36000061035156,9.84570026397705
2013-07-18,3.109800100326538,3.1006999015808105,109.36000061035156,9.815099716186523
2013-07-19,3.1233999729156494,3.089400053024292,108.06999969482422,9.92199993133545
2013-07-22,3.0550999641418457,3.0664000511169434,108.1500015258789,9.854100227355957
2013-07-23,3.0590999126434326,3.0692999362945557,108.41999816894531,9.808469772338867
2013-07-24,3.054800033569336,3.046999931335449,107.19000244140625,9.671899795532227
2013-07-25,3.0169999599456787,3.0350000858306885,107.6500015258789,9.7677001953125
2013-07-26,3.0443999767303467,3.0100998878479004,107.16999816894531,9.706399917602539
2013-07-29,3.012500047683716,3.016200065612793,107.44999694824219,9.753499984741211
2013-07-30,3.0185000896453857,3.006700038909912,106.91000366210938,9.799519538879395
2013-07-31,3.0441999435424805,3.043100118637085,107.69999694824219,9.793720245361328
2013-08-01,3.02839994430542,3.09660005569458,109.54000091552734,9.848899841308594
2013-08-02,2.9946999549865723,3.0713999271392822,108.94999694824219,9.96969985961914
2013-08-05,2.9505999088287354,3.0522000789642334,108.69999694824219,9.830920219421387
2013-08-06,2.91510009765625,3.0083000659942627,108.18000030517578,9.828619956970215
2013-08-07,2.8710999488830566,2.964200019836426,107.44000244140625,9.933050155639648
2013-08-08,2.857599973678589,2.95740008354187,106.68000030517578,9.92770004272461
2013-08-09,2.9082000255584717,2.993499994277954,108.22000122070312,9.824600219726562
2013-08-12,2.904099941253662,3.020900011062622,108.97000122070312,9.81112003326416
2013-08-13,2.942500114440918,3.047100067138672,109.81999969482422,9.87559986114502
2013-08-14,2.9830000400543213,3.047800064086914,110.19999694824219,9.963020324707031
2013-08-15,2.984499931335449,3.0727999210357666,111.11000061035156,9.9576997756958
2013-08-16,2.9674999713897705,3.0831000804901123,111.16999816894531,9.969099998474121
2013-08-19,2.933300018310547,3.071000099182129,111.16999816894531,10.06029987335205
2013-08-20,2.9272000789642334,3.078399896621704,110.1500015258789,10.18671989440918
2013-08-21,2.937700033187866,3.0768001079559326,109.80999755859375,10.148599624633789
2013-08-22,2.9647998809814453,3.0699000358581543,109.9000015258789,10.354399681091309
2013-08-23,3.007200002670288,3.0950000286102295,111.04000091552734,10.248120307922363
2013-08-26,2.95169997215271,3.0789999961853027,110.7300033569336,10.240900039672852
2013-08-27,3.03410005569458,3.160900115966797,114.36000061035156,10.312399864196777
2013-08-28,3.0945000648498535,3.2083001136779785,116.61000061035156,10.390800476074219
2013-08-29,3.0664000511169434,3.1849000453948975,115.16000366210938,10.309189796447754
2013-08-30,3.0183000564575195,3.1396000385284424,114.01000213623047,10.331700325012207
2013-09-02,3.0183000564575195,3.1396000385284424,114.01000213623047,10.240019798278809
2013-09-03,2.8645999431610107,3.1482999324798584,115.68000030517578,10.255720138549805
2013-09-04,2.864300012588501,3.1370999813079834,114.91000366210938,10.322819709777832
2013-09-05,2.8359999656677246,3.139699935913086,115.26000213623047,10.235489845275879
2013-09-06,2.8536999225616455,3.1637001037597656,116.12000274658203,10.203800201416016
2013-09-09,2.8024001121520996,3.118299961090088,113.72000122070312,10.025420188903809
2013-09-10,2.7356998920440674,3.066800117492676,111.25,9.950019836425781
2013-09-11,2.7121999263763428,3.0717999935150146,111.5,9.980500221252441
2013-09-12,2.762700080871582,3.1164000034332275,112.62999725341797,9.862500190734863
2013-09-13,2.7695999145507812,3.1136999130249023,112.77999877929688,9.958800315856934
2013-09-16,2.716599941253662,3.063699960708618,112.77999877929688,9.86382007598877
2013-09-17,2.661099910736084,2.998300075531006,112.77999877929688,9.804200172424316
2013-09-18,2.7421000003814697,3.0404999256134033,110.5999984741211,9.799960136413574
2013-09-19,2.697200059890747,3.003999948501587,108.76000213623047,9.578800201416016
2013-09-20,2.6842000484466553,3.004199981689453,109.22000122070312,9.687419891357422
2013-09-23,2.622999906539917,2.956199884414673,108.16000366210938,9.873700141906738
2013-09-24,2.6591999530792236,2.9609999656677246,108.63999938964844,9.826000213623047
2013-09-25,2.6728999614715576,2.973099946975708,108.31999969482422,9.866720199584961
2013-09-26,2.7049999237060547,3.003700017929077,109.20999908447266,9.974120140075684
2013-09-27,2.6761999130249023,2.9900999069213867,108.62999725341797,9.9860200881958
2013-09-30,2.634700059890747,2.9709999561309814,108.37000274658203,10.119500160217285
2013-10-01,2.610599994659424,2.9553000926971436,107.94000244140625,10.025389671325684
2013-10-02,2.628700017929077,2.9927000999450684,109.19000244140625,10.111000061035156
2013-10-03,2.6396000385284424,3.0032999515533447,109.0,10.004819869995117
2013-10-04,2.607599973678589,2.999000072479248,109.45999908447266,10.028800010681152
2013-10-07,2.6261000633239746,3.0092999935150146,109.68000030517578,9.989299774169922
2013-10-08,2.6305999755859375,3.0325000286102295,110.16000366210938,9.989299774169922
2013-10-09,2.622999906539917,3.017400026321411,109.05999755859375,9.959320068359375
2013-10-10,2.6981000900268555,3.069999933242798,111.80000305175781,9.953180313110352
2013-10-11,2.668100118637085,3.034899950027466,111.27999877929688,9.902219772338867
2013-10-14,2.666800022125244,3.0316998958587646,111.04000091552734,9.911370277404785
2013-10-15,2.6598000526428223,3.0169999599456787,109.95999908447266,9.90939998626709
2013-10-16,2.7021000385284424,3.039299964904785,110.86000061035156,9.961799621582031
2013-10-17,2.647900104522705,2.990000009536743,110.97000122070312,9.859299659729004
2013-10-18,2.6731998920440674,3.035399913787842,110.97000122070312,9.821700096130371
2013-10-21,2.6538000106811523,3.0106000900268555,109.63999938964844,9.771200180053711
2013-10-22,2.6166999340057373,2.997299909591675,109.97000122070312,9.836400032043457
2013-10-23,2.552299976348877,2.92330002784729,107.80000305175781,9.741900444030762
2013-10-24,2.589600086212158,2.9003000259399414,106.98999786376953,9.786100387573242
2013-10-25,2.587100028991699,2.9096999168395996,106.93000030517578,9.748600006103516
2013-10-28,2.6308999061584473,2.964400053024292,109.61000061035156,9.821399688720703
2013-10-29,2.609800100326538,2.964099884033203,109.01000213623047,9.82040023803711
2013-10-30,2.6507999897003174,2.978600025177002,109.86000061035156,9.882399559020996
2013-10-31,2.633699893951416,2.9677999019622803,108.83999633789062,9.938799858093262
2013-11-01,2.5453999042510986,2.882200002670288,105.91000366210938,10.054800033569336
2013-11-04,2.5281999111175537,2.8740999698638916,106.2300033569336,10.179719924926758
2013-11-05,2.5160999298095703,2.8640999794006348,105.33000183105469,10.126420021057129
2013-11-06,2.5480000972747803,2.8696000576019287,105.23999786376953,10.218600273132324
2013-11-07,2.5030999183654785,2.839200019836426,103.45999908447266,10.256099700927734
2013-11-08,2.5534000396728516,2.8719000816345215,105.12000274658203,10.276399612426758
2013-11-11,2.5964999198913574,2.8912999629974365,106.4000015258789,10.340299606323242
2013-11-12,2.586400032043457,2.8531999588012695,105.80999755859375,10.378800392150879
2013-11-13,2.628000020980835,2.897700071334839,107.12000274658203,10.340900421142578
2013-11-14,2.6837000846862793,2.9305999279022217,108.54000091552734,10.27180004119873
2013-11-15,2.6577000617980957,2.9388999938964844,108.55000305175781,10.2052001953125
2013-11-18,2.6568000316619873,2.9221999645233154,108.55000305175781,10.153499603271484
2013-11-19,2.6394999027252197,2.9058001041412354,106.91999816894531,10.122320175170898
2013-11-20,2.6630001068115234,2.9544999599456787,108.05999755859375,10.162400245666504
2013-11-21,2.743799924850464,3.006700038909912,110.08000183105469,10.146849632263184
2013-11-22,2.726099967956543,3.041300058364868,111.05000305175781,10.134099960327148
2013-11-25,2.6807000637054443,3.032099962234497,111.0,10.06779956817627
2013-11-26,2.6868999004364014,3.0443999767303467,110.87999725341797,10.097350120544434
2013-11-27,2.6982998847961426,3.0469000339508057,111.30999755859375,10.113439559936523
2013-11-28,2.6982998847961426,3.0469000339508057,111.30999755859375,10.21969985961914
2013-11-29,2.6840999126434326,3.047800064086914,109.69000244140625,10.192299842834473
2013-12-02,2.6784000396728516,3.050100088119507,111.44999694824219,10.180000305175781
2013-12-03,2.7237000465393066,3.0650999546051025,112.62000274658203,10.269800186157227
2013-12-04,2.7191998958587646,3.0590999126434326,111.87999725341797,10.322349548339844
2013-12-05,2.7126998901367188,3.0495998859405518,110.9800033569336,10.428299903869629
2013-12-06,2.726900100708008,3.05649995803833,111.61000061035156,10.454299926757812
2013-12-09,2.6749000549316406,3.0143001079559326,109.38999938964844,10.329700469970703
2013-12-10,2.6828999519348145,3.0172998905181885,109.37999725341797,10.361949920654297
2013-12-11,2.661099910736084,3.021199941635132,109.69999694824219,10.339679718017578
2013-12-12,2.6347999572753906,2.98009991645813,108.66999816894531,10.36952018737793
2013-12-13,2.629300117492676,2.9756999015808105,108.83000183105469,10.402400016784668
2013-12-16,2.643699884414673,2.9902000427246094,110.47000122070312,10.28087043762207
2013-12-17,2.647200107574463,2.962899923324585,110.41000366210938,10.264599800109863
2013-12-18,2.6972999572753906,3.0100998878479004,110.41000366210938,10.319330215454102
2013-12-19,2.7400999069213867,3.030600070953369,110.29000091552734,10.34220027923584
2013-12-20,2.783099889755249,3.0780999660491943,111.7699966430664,10.376330375671387
2013-12-23,2.7802999019622803,3.0601000785827637,111.55999755859375,10.332099914550781
2013-12-24,2.814199924468994,3.0782999992370605,111.9000015258789,10.331600189208984
2013-12-25,2.814199924468994,3.0782999992370605,111.9000015258789,10.319129943847656
2013-12-26,2.819999933242798,3.0947999954223633,111.9800033569336,10.324700355529785
2013-12-27,2.8160998821258545,3.1240999698638916,112.18000030517578,10.3371000289917
2013-12-30,2.7876999378204346,3.077199935913086,111.20999908447266,10.518099784851074
2013-12-31,2.785799980163574,3.077199935913086,110.80000305175781,10.415730476379395
2014-01-01,2.785799980163574,3.077199935913086,110.80000305175781,10.350000381469727
2014-01-02,2.694999933242798,2.9867000579833984,107.77999877929688,10.472599983215332
2014-01-03,2.6487998962402344,2.9393999576568604,106.88999938964844,10.67389965057373
2014-01-06,2.6459999084472656,2.938800096511841,106.7300033569336,10.65779972076416
2014-01-07,2.6786000728607178,2.9593000411987305,107.3499984741211,10.627699851989746
2014-01-08,2.6563000679016113,2.949399948120117,107.1500015258789,10.634599685668945
2014-01-09,2.6426000595092773,2.9214000701904297,106.38999938964844,10.758299827575684
2014-01-10,2.669100046157837,2.940700054168701,107.25,10.78950023651123
2014-01-13,2.6340999603271484,2.933300018310547,106.75,10.78950023651123
2014-01-14,2.6224000453948975,2.936300039291382,106.38999938964844,10.8016996383667
2014-01-15,2.6263999938964844,2.979599952697754,107.12999725341797,10.82040023803711
2014-01-16,2.595099925994873,2.984499931335449,107.08999633789062,10.871800422668457
2014-01-17,2.6203999519348145,3.023699998855591,107.05999755859375,10.88129997253418
2014-01-20,2.6203999519348145,3.023699998855591,107.05999755859375,10.874699592590332
2014-01-21,2.6205999851226807,3.014699935913086,107.05999755859375,10.842900276184082
2014-01-22,2.6770999431610107,3.037899971008301,108.2699966430664,10.828700065612793
2014-01-23,2.661799907684326,3.0764999389648438,107.58000183105469,10.863300323486328
2014-01-24,2.6631999015808105,3.137399911880493,107.87999725341797,10.987600326538086
2014-01-27,2.6217000484466553,3.092400074005127,106.69000244140625,11.12720012664795
2014-01-28,2.6277999877929688,3.121799945831299,107.41000366210938,11.108099937438965
2014-01-29,2.660900115966797,3.1816000938415527,107.8499984741211,10.940999984741211
2014-01-30,2.662600040435791,3.2170000076293945,107.94999694824219,11.287529945373535
2014-01-31,2.62719988822937,3.279400110244751,106.4000015258789,11.178739547729492
2014-02-03,2.6068999767303467,3.007499933242798,106.04000091552734,11.114700317382812
2014-02-04,2.603100061416626,2.9828999042510986,105.77999877929688,11.244799613952637
2014-02-05,2.6412999629974365,2.996799945831299,106.25,11.083800315856934
2014-02-06,2.683000087738037,2.9951000213623047,107.19000244140625,11.116000175476074
2014-02-07,2.7488999366760254,3.050299882888794,109.56999969482422,11.031900405883789
2014-02-10,2.7248001098632812,2.9981000423431396,108.62999725341797,11.058600425720215
2014-02-11,2.7525999546051025,3.02810001373291,108.68000030517578,11.116999626159668
2014-02-12,2.7630999088287354,3.012500047683716,108.79000091552734,10.96360969543457
2014-02-13,2.7771999835968018,3.0306999683380127,108.7300033569336,10.996319770812988
2014-02-14,2.805299997329712,3.078200101852417,108.7300033569336,10.979399681091309
2014-02-17,2.805299997329712,3.078200101852417,108.7300033569336,10.848199844360352
2014-02-18,2.8322999477386475,3.1017000675201416,108.7300033569336,10.824799537658691
2014-02-19,2.824700117111206,3.1468000411987305,110.47000122070312,10.868769645690918
2014-02-20,2.84660005569458,3.1777000427246094,110.30000305175781,11.035200119018555
2014-02-21,2.8333001136779785,3.0992000102996826,109.8499984741211,10.99862003326416
2014-02-24,2.8336000442504883,3.0871999263763428,110.63999938964844,10.935099601745605
2014-02-25,2.798099994659424,3.104300022125244,109.51000213623047,10.798399925231934
2014-02-26,2.7992000579833984,3.1280999183654785,109.5199966430664,10.733719825744629
2014-02-27,2.7618000507354736,3.0864999294281006,108.95999908447266,10.840669631958008
2014-02-28,2.789799928665161,3.0892999172210693,109.06999969482422,10.700599670410156
2014-03-03,3.0202999114990234,3.0804998874664307,111.19999694824219,10.815400123596191
2014-03-04,2.985300064086914,3.0406999588012695,109.30000305175781,10.88479995727539
2014-03-05,2.9402999877929688,2.9921998977661133,107.76000213623047,10.755590438842773
2014-03-06,2.945499897003174,2.9830000400543213,108.0999984741211,10.670000076293945
2014-03-07,2.97379994392395,3.0120999813079834,109.0,10.608499526977539
2014-03-10,2.949399948120117,2.967400074005127,108.08000183105469,10.748499870300293
2014-03-11,2.9670000076293945,2.9609999656677246,108.55000305175781,10.76099967956543
2014-03-12,2.9558000564575195,2.92549991607666,108.0199966430664,10.842100143432617
2014-03-13,2.9328999519348145,2.919600009918213,107.38999938964844,10.804450035095215
2014-03-14,2.959700107574463,2.9430999755859375,108.56999969482422,10.768799781799316
2014-03-17,2.8810999393463135,2.8907999992370605,108.54000091552734,10.685099601745605
2014-03-18,2.9028000831604004,2.9154999256134033,106.79000091552734,10.746100425720215
2014-03-19,2.868799924850464,2.9010000228881836,105.8499984741211,10.732760429382324
2014-03-20,2.8954999446868896,2.921299934387207,106.44999694824219,10.86709976196289
2014-03-21,2.907900094985962,2.920099973678589,106.91999816894531,10.88976001739502
2014-03-24,2.890899896621704,2.911600112915039,106.80999755859375,10.879599571228027
2014-03-25,2.8828001022338867,2.9214999675750732,106.98999786376953,10.82610034942627
2014-03-26,2.908900022506714,2.9193999767303467,107.02999877929688,10.72719955444336
2014-03-27,2.9426000118255615,2.947700023651123,107.83000183105469,10.684229850769043
2014-03-28,2.9375,2.957900047302246,108.06999969482422,10.57942008972168
2014-03-31,2.9110000133514404,2.931999921798706,107.76000213623047,10.589500427246094
2014-04-01,2.8696999549865723,2.8877999782562256,105.62000274658203,10.531599998474121
2014-04-02,2.86680006980896,2.8666000366210938,104.79000091552734,10.574600219726562
2014-04-03,2.911799907684326,2.9061999320983887,106.1500015258789,10.600199699401855
2014-04-04,2.931299924850464,2.907900094985962,106.72000122070312,10.621100425720215
2014-04-07,2.9260001182556152,2.890700101852417,105.81999969482422,10.530200004577637
2014-04-08,2.98009991645813,2.9344000816345215,107.66999816894531,10.512700080871582
2014-04-09,3.0083999633789062,2.9539999961853027,107.9800033569336,10.46310043334961
2014-04-10,3.0078999996185303,2.938999891281128,107.45999908447266,10.399660110473633
2014-04-11,3.014400005340576,2.933199882507324,107.33000183105469,10.463399887084961
2014-04-14,3.0383999347686768,2.979099988937378,109.06999969482422,10.509900093078613
2014-04-15,3.042099952697754,2.986999988555908,108.73999786376953,10.513330459594727
2014-04-16,3.0404999256134033,3.0106000900268555,108.80000305175781,10.55090045928955
2014-04-17,3.0546998977661133,3.00819993019104,109.52999877929688,10.53909969329834
2014-04-18,3.0546998977661133,3.00819993019104,109.52999877929688,10.486900329589844
2014-04-21,3.086899995803833,3.011699914932251,109.94999694824219,10.487899780273438
2014-04-22,3.0952000617980957,3.0025999546051025,109.2699966430664,10.491299629211426
2014-04-23,3.0934998989105225,2.9809000492095947,109.11000061035156,10.537199974060059
2014-04-24,3.0894999504089355,3.0144999027252197,110.33000183105469,10.581870079040527
2014-04-25,3.0750999450683594,2.986599922180176,109.58000183105469,10.618189811706543
2014-04-28,3.040299892425537,2.951900005340576,108.12000274658203,10.657600402832031
2014-04-29,3.0634000301361084,2.970099925994873,108.9800033569336,10.614899635314941
2014-04-30,3.007699966430664,2.9349000453948975,108.06999969482422,10.549699783325195
2014-05-01,2.938800096511841,2.9140000343322754,107.76000213623047,10.506199836730957
2014-05-02,2.944499969482422,2.922300100326538,108.58999633789062,10.479900360107422
2014-05-05,2.9091999530792236,2.906399965286255,107.72000122070312,10.45479965209961
2014-05-06,2.8857998847961426,2.887700080871582,107.05999755859375,10.536060333251953
2014-05-07,2.9182000160217285,2.927500009536743,108.12999725341797,10.489700317382812
2014-05-08,2.9049999713897705,2.9202001094818115,108.04000091552734,10.449799537658691
2014-05-09,2.8959999084472656,2.9068000316619873,107.88999938964844,10.336400032043457
2014-05-12,2.914599895477295,2.9184999465942383,108.41000366210938,10.346599578857422
2014-05-13,2.9302000999450684,2.944000005722046,109.23999786376953,10.35260009765625
2014-05-14,2.9693000316619873,2.962599992752075,110.19000244140625,10.311599731445312
2014-05-15,2.964200019836426,2.9505999088287354,110.44000244140625,10.297599792480469
2014-05-16,2.9735000133514404,2.9535999298095703,110.41999816894531,10.39780044555664
2014-05-19,2.964600086212158,2.9409000873565674,109.37000274658203,10.340299606323242
2014-05-20,2.9639999866485596,2.949199914932251,109.69000244140625,10.357600212097168
2014-05-21,2.9941999912261963,2.9532999992370605,110.55000305175781,10.440999984741211
2014-05-22,3.0058000087738037,2.950700044631958,110.36000061035156,10.380160331726074
2014-05-23,3.0234999656677246,2.954900026321411,110.54000091552734,10.341739654541016
2014-05-26,3.0234999656677246,2.954900026321411,110.54000091552734,10.309200286865234
2014-05-27,2.9951999187469482,2.9398999214172363,110.0199966430664,10.346799850463867
2014-05-28,3.0058999061584473,2.9305999279022217,109.80999755859375,10.447400093078613
2014-05-29,3.0136001110076904,2.9189999103546143,109.97000122070312,10.460100173950195
2014-05-30,2.996500015258789,2.8845999240875244,109.41000366210938,10.411999702453613
2014-06-02,2.949899911880493,2.8773000240325928,108.83000183105469,10.563380241394043
2014-06-03,2.948699951171875,2.865799903869629,108.81999969482422,10.682499885559082
2014-06-04,2.9351999759674072,2.848099946975708,108.4000015258789,10.767399787902832
2014-06-05,2.9563000202178955,2.879699945449829,108.79000091552734,10.754500389099121
2014-06-06,2.938999891281128,2.8712000846862793,108.61000061035156,10.685099601745605
2014-06-09,2.984800100326538,2.891200065612793,109.98999786376953,10.585800170898438
2014-06-10,2.9744999408721924,2.8840999603271484,109.5199966430664,10.637800216674805
2014-06-11,3.0007998943328857,2.9042999744415283,109.94999694824219,10.704899787902832
2014-06-12,3.083699941635132,2.989300012588501,113.0199966430664,10.742400169372559
2014-06-13,3.0576999187469482,2.987600088119507,113.41000366210938,10.694169998168945
2014-06-16,3.0717999935150146,2.9979000091552734,113.22000122070312,10.693400382995605
2014-06-17,3.091099977493286,3.0179998874664307,113.44999694824219,10.733599662780762
2014-06-18,3.0982000827789307,3.04010009765625,114.26000213623047,10.8326997756958
2014-06-19,3.125499963760376,3.0524001121520996,115.05999755859375,10.679780006408691
2014-06-20,3.127700090408325,3.0511999130249023,114.80999755859375,10.75016975402832
2014-06-23,3.107599973678589,3.032599925994873,114.12000274658203,10.66819953918457
2014-06-24,3.1257998943328857,3.041599988937378,114.45999908447266,10.589599609375
2014-06-25,3.0927000045776367,3.0297999382019043,114.0,10.626999855041504
2014-06-26,3.085599899291992,3.0137999057769775,113.20999908447266,10.5871000289917
2014-06-27,3.09879994392395,2.9976000785827637,113.30000305175781,10.634599685668945
2014-06-30,3.0769999027252197,2.9707999229431152,112.36000061035156,10.588419914245605
2014-07-01,3.036600112915039,2.9781999588012695,112.29000091552734,10.630599975585938
2014-07-02,3.0239999294281006,2.9460999965667725,111.23999786376953,10.657500267028809
2014-07-03,3.0197999477386475,2.9284000396728516,111.0,10.752799987792969
2014-07-04,3.0197999477386475,2.9284000396728516,111.0,10.747440338134766
2014-07-07,2.989000082015991,2.9144999980926514,110.23999786376953,10.749099731445312
2014-07-08,2.972899913787842,2.8736000061035156,108.94000244140625,10.766799926757812
2014-07-09,2.937700033187866,2.8710999488830566,108.27999877929688,10.67039966583252
2014-07-10,2.9576001167297363,2.8933000564575195,108.66999816894531,10.665399551391602
2014-07-11,2.9084999561309814,2.8608999252319336,106.66000366210938,10.691699981689453
2014-07-14,2.925100088119507,2.8729000091552734,106.9800033569336,10.707099914550781
2014-07-15,2.8986001014709473,2.8554999828338623,106.0199966430664,10.678299903869629
2014-07-16,2.882499933242798,2.857800006866455,105.8499984741211,10.716110229492188
2014-07-17,2.881700038909912,2.8592000007629395,105.95999908447266,10.682149887084961
2014-07-18,2.860300064086914,2.8452000617980957,107.23999786376953,10.74094009399414
2014-07-21,2.891400098800659,2.858799934387207,107.68000030517578,10.654999732971191
2014-07-22,2.88070011138916,2.8541998863220215,107.33000183105469,10.60888957977295
2014-07-23,2.860100030899048,2.8754000663757324,108.02999877929688,10.573100090026855
2014-07-24,2.8368000984191895,2.8708999156951904,107.06999969482422,10.517399787902832
2014-07-25,2.865299940109253,2.9156999588012695,108.38999938964844,10.523200035095215
2014-07-28,2.8492000102996826,2.8879001140594482,107.56999969482422,10.509499549865723
2014-07-29,2.8708999156951904,2.9066998958587646,107.72000122070312,10.563209533691406
2014-07-30,2.8433001041412354,2.8905999660491943,106.51000213623047,10.609800338745117
2014-07-31,2.8310999870300293,2.8866000175476074,106.0199966430664,10.672019958496094
2014-08-01,2.74429988861084,2.8661000728607178,104.83999633789062,10.70110034942627
2014-08-04,2.724900007247925,2.8712000846862793,105.41000366210938,10.666199684143066
2014-08-05,2.7155001163482666,2.84689998626709,104.61000061035156,10.648799896240234
2014-08-06,2.7397000789642334,2.8761000633239746,104.58999633789062,10.750940322875977
2014-08-07,2.7723000049591064,2.895699977874756,105.44000244140625,10.710599899291992
2014-08-08,2.753700017929077,2.8768999576568604,105.0199966430664,10.750300407409668
2014-08-11,2.752500057220459,2.879199981689453,104.68000030517578,10.654899597167969
2014-08-12,2.734499931335449,2.8450000286102295,103.0199966430664,10.625550270080566
2014-08-13,2.7544000148773193,2.901900053024292,104.27999877929688,10.628899574279785
2014-08-14,2.666599988937378,2.819499969482422,102.01000213623047,10.57409954071045
2014-08-15,2.6986000537872314,2.8480000495910645,101.94999694824219,10.54640007019043
2014-08-18,2.6559998989105225,2.805999994277954,101.5999984741211,10.580419540405273
2014-08-19,2.6953999996185303,2.8171000480651855,101.55999755859375,10.600299835205078
2014-08-20,2.712599992752075,2.8257999420166016,102.27999877929688,10.639920234680176
2014-08-21,2.747499942779541,2.8375000953674316,102.62999725341797,10.734600067138672
2014-08-22,2.7383999824523926,2.827899932861328,102.29000091552734,10.687100410461426
2014-08-25,2.7497000694274902,2.836899995803833,102.6500015258789,10.71819019317627
2014-08-26,2.7630999088287354,2.8441998958587646,102.5,10.713319778442383
2014-08-27,2.7458999156951904,2.8605000972747803,102.72000122070312,10.678299903869629
2014-08-28,2.752700090408325,2.8489999771118164,102.45999908447266,10.606800079345703
2014-08-29,2.7827000617980957,2.8568999767303467,103.19000244140625,10.620400428771973
2014-09-01,2.7827000617980957,2.8568999767303467,103.19000244140625,10.651200294494629
2014-09-02,2.5429999828338623,2.7967000007629395,100.33999633789062,10.667420387268066
2014-09-03,2.619999885559082,2.865799903869629,102.7699966430664,10.739299774169922
2014-09-04,2.599900007247925,2.8362998962402344,101.83000183105469,10.671899795532227
2014-09-05,2.583400011062622,2.819200038909912,100.81999969482422,10.730500221252441
2014-09-08,2.5618999004364014,2.8094000816345215,100.19999694824219,10.69480037689209
2014-09-09,2.5483999252319336,2.7915000915527344,99.16000366210938,10.809000015258789
2014-09-10,2.5264999866485596,2.7532999515533447,98.04000091552734,10.90779972076416
2014-09-11,2.5241000652313232,2.7560999393463135,98.08000183105469,10.934800148010254
2014-09-12,2.5188000202178955,2.740499973297119,97.11000061035156,10.962200164794922
2014-09-15,2.5308001041412354,2.7395999431610107,96.6500015258789,11.029500007629395
2014-09-16,2.558799982070923,2.7562999725341797,96.62999725341797,10.961999893188477
2014-09-17,2.569200038909912,2.7451000213623047,98.97000122070312,10.90742015838623
2014-09-18,2.561000108718872,2.7123000621795654,97.69999694824219,11.031399726867676
2014-09-19,2.6113998889923096,2.716599941253662,98.38999938964844,11.074419975280762
2014-09-22,2.584700107574463,2.6870999336242676,96.97000122070312,11.05780029296875
2014-09-23,2.628700017929077,2.683199882507324,96.8499984741211,11.171299934387207
2014-09-24,2.663800001144409,2.6888999938964844,96.94999694824219,11.153120040893555
2014-09-25,2.7179999351501465,2.6958000659942627,97.0,11.130419731140137
2014-09-26,2.661900043487549,2.700500011444092,97.0,11.181099891662598
2014-09-29,2.6963000297546387,2.7040998935699463,97.19999694824219,11.218000411987305
2014-09-30,2.586899995803833,2.647200107574463,94.66999816894531,11.26941967010498
2014-10-01,2.449700117111206,2.655600070953369,94.16000366210938,11.281299591064453
2014-10-02,2.40910005569458,2.638000011444092,93.41999816894531,11.258910179138184
2014-10-03,2.378499984741211,2.616300106048584,92.30999755859375,11.186200141906738
2014-10-06,2.4131999015808105,2.621299982070923,92.79000091552734,11.35159969329834
2014-10-07,2.368299961090088,2.607300043106079,92.11000061035156,11.21465015411377
2014-10-08,2.3183999061584473,2.575900077819824,91.37999725341797,11.190699577331543
2014-10-09,2.274899959564209,2.536600112915039,90.05000305175781,11.04971981048584
2014-10-10,2.257499933242798,2.5601999759674072,90.20999908447266,11.063819885253906
2014-10-13,2.2553000450134277,2.55679988861084,88.88999938964844,11.098999977111816
2014-10-14,2.1802000999450684,2.4721999168395996,85.04000091552734,11.017600059509277
2014-10-15,2.148699998855591,2.4586000442504883,83.77999877929688,11.069600105285645
2014-10-16,2.210900068283081,2.4702999591827393,84.47000122070312,11.06824016571045
2014-10-17,2.2327001094818115,2.4976000785827637,84.54000091552734,11.08080005645752
2014-10-20,2.200200080871582,2.485599994659424,85.4000015258789,11.085419654846191
2014-10-21,2.213399887084961,2.513200044631958,86.22000122070312,11.025199890136719
2014-10-22,2.155600070953369,2.473400115966797,84.70999908447266,11.037699699401855
2014-10-23,2.206899881362915,2.499000072479248,86.83000183105469,11.00492000579834
2014-10-24,2.1816999912261963,2.4818999767303467,86.12999725341797,10.971699714660645
2014-10-27,2.1702001094818115,2.4753000736236572,85.83000183105469,10.941800117492676
2014-10-28,2.1960999965667725,2.4930999279022217,86.02999877929688,10.951199531555176
2014-10-29,2.2207000255584717,2.5350000858306885,87.12000274658203,10.845999717712402
2014-10-30,2.1958000659942627,2.5127999782562256,86.23999786376953,10.949549674987793
2014-10-31,2.1695001125335693,2.5144999027252197,85.86000061035156,10.86874008178711
2014-11-03,2.1175999641418457,2.4899001121520996,84.77999877929688,11.045599937438965
2014-11-04,2.078000068664551,2.442699909210205,82.81999969482422,11.065999984741211
2014-11-05,2.086699962615967,2.438699960708618,82.94999694824219,11.03872013092041
2014-11-06,2.1301000118255615,2.458699941635132,82.86000061035156,11.13860034942627
2014-11-07,2.135200023651123,2.499500036239624,83.38999938964844,11.255350112915039
2014-11-10,2.101099967956543,2.4693000316619873,82.33999633789062,11.2322998046875
2014-11-11,2.103600025177002,2.4686999320983887,81.66999816894531,11.26200008392334
2014-11-12,2.1070001125335693,2.446899890899658,80.37999725341797,11.215200424194336
2014-11-13,2.0016000270843506,2.3620998859405518,77.91999816894531,11.197270393371582
2014-11-14,2.0425000190734863,2.416100025177002,77.73999786376953,11.211299896240234
2014-11-17,2.0262999534606934,2.403899908065796,79.30999755859375,11.08329963684082
2014-11-18,2.0432000160217285,2.3812999725341797,78.47000122070312,11.12012004852295
2014-11-19,2.043800115585327,2.3589999675750732,78.0999984741211,11.024200439453125
2014-11-20,2.027600049972534,2.380000114440918,79.33000183105469,11.053250312805176
2014-11-21,2.05649995803833,2.4045000076293945,80.36000061035156,10.954500198364258
2014-11-24,2.033400058746338,2.3954999446868896,79.68000030517578,10.950400352478027
2014-11-25,2.0318000316619873,2.3947999477386475,78.33000183105469,11.020170211791992
2014-11-26,2.035099983215332,2.3965001106262207,77.75,10.947150230407715
2014-11-27,2.035099983215332,2.3965001106262207,77.75,10.949440002441406
2014-11-28,1.9039000272750854,2.230799913406372,70.1500015258789,10.972299575805664
2014-12-01,1.88100004196167,2.212399959564209,72.54000091552734,11.090880393981934
2014-12-02,1.8115999698638916,2.154400110244751,70.54000091552734,11.000940322875977
2014-12-03,1.8070000410079956,2.1333999633789062,69.91999816894531,11.11991024017334
2014-12-04,1.794800043106079,2.1177000999450684,69.63999938964844,11.214300155639648
2014-12-05,1.7733999490737915,2.107800006866455,69.06999969482422,11.197919845581055
2014-12-08,1.7065999507904053,2.0548999309539795,66.19000244140625,11.369600296020508
2014-12-09,1.7236000299453735,2.0840001106262207,66.83999633789062,11.529899597167969
2014-12-10,1.641800045967102,2.0464000701904297,64.23999786376953,11.427800178527832
2014-12-11,1.624400019645691,2.0613999366760254,63.68000030517578,11.533769607543945
2014-12-12,1.5973000526428223,2.0160000324249268,61.849998474121094,11.622520446777344
2014-12-15,1.5764000415802002,2.001699924468994,61.060001373291016,11.560689926147461
2014-12-16,1.5410000085830688,1.9600000381469727,59.86000061035156,11.69729995727539
2014-12-17,1.5662000179290771,2.008500099182129,59.79999923706055,11.648920059204102
2014-12-18,1.5271999835968018,1.9386999607086182,59.27000045776367,11.632800102233887
2014-12-19,1.559499979019165,1.9622000455856323,61.380001068115234,11.549619674682617
2014-12-22,1.534999966621399,1.9514000415802002,60.11000061035156,11.570719718933105
2014-12-23,1.5703999996185303,1.9907000064849854,61.689998626708984,11.5623197555542
2014-12-24,1.5126999616622925,1.9235999584197998,60.2400016784668,11.639510154724121
2014-12-25,1.5126999616622925,1.9235999584197998,60.2400016784668,11.60342025756836
2014-12-26,1.5087000131607056,1.9078999757766724,59.45000076293945,11.592100143432617
2014-12-29,1.4528000354766846,1.8490999937057495,57.880001068115234,11.580750465393066
2014-12-30,1.4536999464035034,1.8688000440597534,57.900001525878906,11.61439037322998
2014-12-31,1.4352999925613403,1.84660005569458,57.33000183105469,11.557700157165527
2015-01-01,1.4352999925613403,1.84660005569458,57.33000183105469,11.449999809265137
2015-01-02,1.43340003490448,1.795699954032898,56.41999816894531,11.553400039672852
2015-01-05,1.3813999891281128,1.7491999864578247,53.11000061035156,11.727700233459473
2015-01-06,1.3543000221252441,1.726199984550476,51.099998474121094,11.695300102233887
2015-01-07,1.3375999927520752,1.6999000310897827,51.150001525878906,11.720000267028809
2015-01-08,1.34089994430542,1.7109999656677246,50.959999084472656,11.6875
2015-01-09,1.323199987411499,1.7029999494552612,50.11000061035156,11.575750350952148
2015-01-12,1.2745000123977661,1.654099941253662,47.43000030517578,11.474499702453613
2015-01-13,1.2684999704360962,1.6330000162124634,46.59000015258789,11.5201997756958
2015-01-14,1.3507000207901,1.6552000045776367,48.689998626708984,11.493800163269043
2015-01-15,1.299399971961975,1.6232999563217163,47.66999816894531,11.439570426940918
2015-01-16,1.3588000535964966,1.6655999422073364,47.689998626708984,11.541620254516602
2015-01-19,1.3588000535964966,1.6655999422073364,47.689998626708984,11.529899597167969
2015-01-20,1.3128000497817993,1.6266000270843506,47.9900016784668,11.625490188598633
2015-01-21,1.3255000114440918,1.646399974822998,49.029998779296875,11.585579872131348
2015-01-22,1.3308000564575195,1.6378999948501587,48.52000045776367,11.504300117492676
2015-01-23,1.3479000329971313,1.6467000246047974,48.790000915527344,11.398699760437012
2015-01-26,1.3166999816894531,1.639799952507019,48.15999984741211,11.433320045471191
2015-01-27,1.350100040435791,1.6627999544143677,49.599998474121094,11.452199935913086
2015-01-28,1.3450000286102295,1.6318000555038452,48.470001220703125,11.572199821472168
2015-01-29,1.353700041770935,1.618399977684021,49.130001068115234,11.569899559020996
2015-01-30,1.4151999950408936,1.6863000392913818,52.9900016784668,11.541099548339844
2015-02-02,1.544600009918213,1.7575000524520874,54.75,11.625280380249023
2015-02-03,1.6013000011444092,1.846500039100647,57.90999984741211,11.501899719238281
2015-02-04,1.4816999435424805,1.7666000127792358,54.15999984741211,11.373800277709961
2015-02-05,1.5247999429702759,1.805899977684021,56.56999969482422,11.476799964904785
2015-02-06,1.5591000318527222,1.8391000032424927,57.79999923706055,11.28812026977539
2015-02-09,1.5781999826431274,1.8729000091552734,58.34000015258789,11.498299598693848
2015-02-10,1.552299976348877,1.8327000141143799,56.43000030517578,11.574600219726562
2015-02-11,1.5432000160217285,1.8141000270843506,54.65999984741211,11.679610252380371
2015-02-12,1.5954999923706055,1.913699984550476,57.04999923706055,11.79740047454834
2015-02-13,1.6261999607086182,1.9714000225067139,57.38999938964844,11.704230308532715
2015-02-16,1.6261999607086182,1.9714000225067139,57.38999938964844,11.644800186157227
2015-02-17,1.5901000499725342,1.9773999452590942,62.529998779296875,11.634200096130371
2015-02-18,1.5736000537872314,1.9594000577926636,60.529998779296875,11.671529769897461
2015-02-19,1.6161999702453613,1.9938000440597534,60.209999084472656,11.588700294494629
2015-02-20,1.6406999826431274,2.111799955368042,60.220001220703125,11.667400360107422
2015-02-23,1.6461999416351318,2.217900037765503,58.900001525878906,11.615900039672852
2015-02-24,1.6202000379562378,2.028899908065796,58.65999984741211,11.625900268554688
2015-02-25,1.7187000513076782,2.103600025177002,61.630001068115234,11.49174976348877
2015-02-26,1.7075999975204468,2.1357998847961426,60.04999923706055,11.446200370788574
2015-02-27,1.7676000595092773,2.2988998889923096,62.58000183105469,11.52970027923584
2015-03-02,1.8973000049591064,1.8873000144958496,59.540000915527344,11.683699607849121
2015-03-03,1.9499000310897827,1.9394999742507935,61.02000045776367,11.76990032196045
2015-03-04,1.9256999492645264,1.9012999534606934,60.54999923706055,11.743220329284668
2015-03-05,1.8873000144958496,1.8773000240325928,60.47999954223633,11.784310340881348
2015-03-06,1.8818999528884888,1.86899995803833,59.72999954223633,11.833499908447266
2015-03-09,1.8746999502182007,1.8398000001907349,58.529998779296875,12.015000343322754
2015-03-10,1.8183000087738037,1.8135000467300415,56.38999938964844,12.110300064086914
2015-03-11,1.8264000415802002,1.8203999996185303,57.540000915527344,12.351099967956543
2015-03-12,1.809499979019165,1.779099941253662,57.08000183105469,12.254079818725586
2015-03-13,1.7623000144958496,1.7130000591278076,54.66999816894531,12.264200210571289
2015-03-16,1.728600025177002,1.6986000537872314,53.439998626708984,12.442700386047363
2015-03-17,1.7301000356674194,1.6938999891281128,53.43000030517578,12.402700424194336
2015-03-18,1.7991000413894653,1.7725000381469727,55.90999984741211,12.350029945373535
2015-03-19,1.7742999792099,1.7223000526428223,54.43000030517578,12.08821964263916
2015-03-20,1.7977999448776245,1.7343000173568726,55.31999969482422,12.291219711303711
2015-03-23,1.8039000034332275,1.7307000160217285,55.91999816894531,12.030099868774414
2015-03-24,1.7997000217437744,1.7065000534057617,55.11000061035156,11.906399726867676
2015-03-25,1.8365000486373901,1.7282999753952026,56.47999954223633,11.815199851989746
2015-03-26,1.881700038909912,1.787600040435791,59.189998626708984,11.840999603271484
2015-03-27,1.7979999780654907,1.7274999618530273,56.40999984741211,11.975099563598633
2015-03-30,1.8006000518798828,1.7311999797821045,56.290000915527344,12.039679527282715
2015-03-31,1.7799999713897705,1.717900037765503,55.11000061035156,12.135299682617188
2015-04-01,1.8312000036239624,1.746899962425232,57.099998474121094,12.131600379943848
2015-04-02,1.761299967765808,1.6825000047683716,54.95000076293945,11.986180305480957
2015-04-03,1.761299967765808,1.6825000047683716,54.95000076293945,11.9343900680542
2015-04-06,1.8424999713897705,1.764299988746643,58.119998931884766,11.753470420837402
2015-04-07,1.8609000444412231,1.7838000059127808,59.099998474121094,11.804499626159668
2015-04-08,1.7391999959945679,1.698099970817566,55.54999923706055,11.880200386047363
2015-04-09,1.7591999769210815,1.7267999649047852,56.56999969482422,11.814000129699707
2015-04-10,1.8072999715805054,1.7661000490188599,57.869998931884766,11.939680099487305
2015-04-13,1.8046000003814697,1.7833000421524048,57.93000030517578,11.976490020751953
2015-04-14,1.8359999656677246,1.8016999959945679,58.43000030517578,12.125699996948242
2015-04-15,1.9359999895095825,1.888800024986267,60.31999969482422,12.007960319519043
2015-04-16,1.9354000091552734,1.9079999923706055,60.400001525878906,12.05049991607666
2015-04-17,1.929900050163269,1.8824000358581543,63.45000076293945,11.945599555969238
2015-04-20,1.93149995803833,1.8770999908447266,63.45000076293945,12.046600341796875
2015-04-21,1.888100028038025,1.8531999588012695,62.08000183105469,12.1358003616333
2015-04-22,1.9244999885559082,1.8708000183105469,62.72999954223633,12.11497974395752
2015-04-23,1.9955999851226807,1.9239000082015991,64.8499984741211,12.216400146484375
2015-04-24,2.0078999996185303,1.9283000230789185,65.27999877929688,12.149700164794922
2015-04-27,2.009000062942505,1.9213999509811401,64.83000183105469,12.11242961883545
2015-04-28,2.001800060272217,1.916599988937378,64.63999938964844,11.99120044708252
2015-04-29,2.017899990081787,1.948099970817566,65.83999633789062,11.866900444030762
2015-04-30,2.0497000217437744,1.9763000011444092,66.77999877929688,11.804300308227539
2015-05-01,2.045300006866455,1.982200026512146,66.45999908447266,11.88700008392334
2015-05-04,2.033900022506714,1.978700041770935,66.44999694824219,12.045109748840332
2015-05-05,2.0634000301361084,2.0144999027252197,67.5199966430664,12.058719635009766
2015-05-06,2.036600112915039,2.0160999298095703,67.7699966430664,11.977899551391602
2015-05-07,1.9903000593185425,1.9616999626159668,65.54000091552734,12.007399559020996
2015-05-08,1.9917999505996704,1.9536999464035034,65.38999938964844,12.024800300598145
2015-05-11,1.9864000082015991,1.9453999996185303,64.91000366210938,11.935379981994629
2015-05-12,2.039299964904785,1.998900055885315,66.86000061035156,12.079620361328125
2015-05-13,2.0404999256134033,2.0051000118255615,66.80999755859375,12.037099838256836
2015-05-14,2.057499885559082,2.0055999755859375,66.58999633789062,11.885199546813965
2015-05-15,2.05679988861084,2.0048000812530518,66.56999969482422,11.798489570617676
2015-05-18,2.041100025177002,1.986799955368042,66.2699966430664,11.781800270080566
2015-05-19,1.9950000047683716,1.9292000532150269,64.0199966430664,11.881199836730957
2015-05-20,2.041100025177002,1.9459999799728394,65.02999877929688,11.893400192260742
2015-05-21,2.08240008354187,1.9859000444412231,66.54000091552734,11.848389625549316
2015-05-22,2.0539000034332275,1.9524999856948853,65.37000274658203,11.840959548950195
2015-05-25,2.0539000034332275,1.9524999856948853,65.37000274658203,11.904879570007324
2015-05-26,1.9982999563217163,1.9002000093460083,63.720001220703125,11.936519622802734
2015-05-27,1.9444999694824219,1.856600046157837,62.060001373291016,12.068300247192383
2015-05-28,1.9851000308990479,1.8703999519348145,62.58000183105469,12.023699760437012
2015-05-29,2.0857999324798584,1.955299973487854,65.55999755859375,12.127579689025879
2015-06-01,2.0422000885009766,1.9263999462127686,64.87999725341797,12.139300346374512
2015-06-02,2.0648000240325928,1.9455000162124634,65.48999786376953,12.267580032348633
2015-06-03,2.045300006866455,1.891800045967102,63.79999923706055,12.184080123901367
2015-06-04,1.9805999994277954,1.8438999652862549,62.029998779296875,12.30128002166748
2015-06-05,2.0299999713897705,1.8696000576019287,63.310001373291016,12.372489929199219
2015-06-08,2.007499933242798,1.8547999858856201,62.689998626708984,12.600939750671387
2015-06-09,2.0771000385284424,1.9178999662399292,64.87999725341797,12.476289749145508
2015-06-10,2.146399974822998,1.9458999633789062,65.69999694824219,12.422189712524414
2015-06-11,2.1380999088287354,1.9210000038146973,65.11000061035156,12.343390464782715
2015-06-12,2.1210999488830566,1.88919997215271,63.869998931884766,12.332690238952637
2015-06-15,2.099100112915039,1.870300054550171,62.61000061035156,12.426679611206055
2015-06-16,2.124500036239624,1.8848999738693237,62.630001068115234,12.403070449829102
2015-06-17,2.1005001068115234,1.9098000526428223,63.869998931884766,12.369649887084961
2015-06-18,2.110100030899048,1.9151999950408936,64.26000213623047,12.28264045715332
2015-06-19,2.0585999488830566,1.8668999671936035,63.02000045776367,12.24489974975586
2015-06-22,2.0297000408172607,1.8694000244140625,63.34000015258789,12.146980285644531
2015-06-23,2.0766000747680664,1.9112000465393066,64.44999694824219,12.100390434265137
2015-06-24,2.055500030517578,1.876099944114685,63.4900016784668,12.156390190124512
2015-06-25,2.036799907684326,1.8623000383377075,63.20000076293945,12.151590347290039
2015-06-26,2.0485000610351562,1.8628000020980835,63.2599983215332,12.097390174865723
2015-06-29,2.0302999019622803,1.8365999460220337,62.0099983215332,12.317099571228027
2015-06-30,2.089600086212158,1.8866000175476074,63.59000015258789,12.251489639282227
2015-07-01,2.0067999362945557,1.8393000364303589,62.0099983215332,12.158140182495117
2015-07-02,2.0343000888824463,1.839900016784668,62.06999969482422,12.248000144958496
2015-07-03,2.0343000888824463,1.839900016784668,62.06999969482422,12.251489639282227
2015-07-06,1.923699975013733,1.708899974822998,56.540000915527344,12.376580238342285
2015-07-07,1.9493999481201172,1.711300015449524,56.849998474121094,12.387359619140625
2015-07-08,1.9989999532699585,1.7151999473571777,57.04999923706055,12.435489654541016
2015-07-09,2.045099973678589,1.7359999418258667,58.61000061035156,12.57112979888916
2015-07-10,2.0164999961853027,1.73989999294281,58.72999954223633,12.488940238952637
2015-07-13,1.9395999908447266,1.7187000513076782,57.849998474121094,12.464110374450684
2015-07-14,1.9306999444961548,1.7252999544143677,58.5099983215332,12.455039978027344
2015-07-15,1.8588999509811401,1.6692999601364136,57.04999923706055,12.33018970489502
2015-07-16,1.8967000246047974,1.666200041770935,57.5099983215332,12.40587043762207
2015-07-17,1.9285999536514282,1.6641000509262085,57.52000045776367,12.389869689941406
2015-07-20,1.930299997329712,1.658400058746338,56.650001525878906,12.360580444335938
2015-07-21,1.9208999872207642,1.6784000396728516,57.040000915527344,12.430700302124023
2015-07-22,1.8675999641418457,1.6717000007629395,56.130001068115234,12.323769569396973
2015-07-23,1.8521000146865845,1.6546000242233276,55.27000045776367,12.395270347595215
2015-07-24,1.8281999826431274,1.6302000284194946,54.619998931884766,12.438199996948242
2015-07-27,1.8203999996185303,1.5956000089645386,53.470001220703125,12.60949993133545
2015-07-28,1.8032000064849854,1.6044000387191772,53.29999923706055,12.623470306396484
2015-07-29,1.8223999738693237,1.5982999801635742,53.380001068115234,12.554129600524902
2015-07-30,1.8279000520706177,1.5981999635696411,53.310001373291016,12.547980308532715
2015-07-31,1.840999960899353,1.5839999914169312,52.209999084472656,12.692620277404785
2015-08-03,1.6744999885559082,1.530500054359436,49.52000045776367,12.685210227966309
2015-08-04,1.6851999759674072,1.5475000143051147,49.9900016784668,12.68278980255127
2015-08-05,1.6705000400543213,1.5384999513626099,49.59000015258789,12.735099792480469
2015-08-06,1.6477999687194824,1.5499000549316406,49.52000045776367,12.773380279541016
2015-08-07,1.6230000257492065,1.5435999631881714,48.61000061035156,12.706620216369629
2015-08-10,1.694000005722046,1.5921000242233276,50.40999984741211,12.63949966430664
2015-08-11,1.6936999559402466,1.5628999471664429,49.18000030517578,12.65762996673584
2015-08-12,1.7634999752044678,1.586899995803833,49.65999984741211,12.776300430297852
2015-08-13,1.7141000032424927,1.5686999559402466,49.220001220703125,12.749629974365234
2015-08-14,1.686900019645691,1.5578999519348145,49.029998779296875,12.788840293884277
2015-08-17,1.6541999578475952,1.554800033569336,49.029998779296875,12.817830085754395
2015-08-18,1.6468000411987305,1.5585999488830566,48.810001373291016,12.893610000610352
2015-08-19,1.5592000484466553,1.5180000066757202,47.15999984741211,12.89490032196045
2015-08-20,1.534600019454956,1.4955999851226807,46.619998931884766,12.873700141906738
2015-08-21,1.5448999404907227,1.462399959564209,45.459999084472656,12.932180404663086
2015-08-24,1.4709999561309814,1.392899990081787,42.689998626708984,13.420379638671875
2015-08-25,1.438599944114685,1.3952000141143799,43.209999084472656,13.225299835205078
2015-08-26,1.3549000024795532,1.3809000253677368,43.13999938964844,13.180299758911133
2015-08-27,1.4567999839782715,1.496000051498413,47.560001373291016,13.079930305480957
2015-08-28,1.5218000411987305,1.5764000415802002,50.04999923706055,13.127300262451172
2015-08-31,1.6404000520706177,1.6735999584197998,54.150001525878906,13.296649932861328
2015-09-01,1.3955999612808228,1.5779000520706177,49.560001373291016,13.266070365905762
2015-09-02,1.4251999855041504,1.6092000007629395,50.5,13.41547966003418
2015-09-03,1.4371000528335571,1.6188000440597534,50.68000030517578,13.412969589233398
2015-09-04,1.4182000160217285,1.5959999561309814,49.61000061035156,13.572879791259766
2015-09-07,1.4182000160217285,1.5959999561309814,49.61000061035156,13.888480186462402
2015-09-08,1.4020999670028687,1.5937999486923218,49.52000045776367,13.94297981262207
2015-09-09,1.3596999645233154,1.538599967956543,47.58000183105469,13.687700271606445
2015-09-10,1.3935999870300293,1.5746999979019165,48.88999938964844,13.890279769897461
2015-09-11,1.3698999881744385,1.5499999523162842,48.13999938964844,13.618499755859375
2015-09-14,1.3042999505996704,1.503499984741211,46.369998931884766,13.53577995300293
2015-09-15,1.332900047302246,1.5,46.630001068115234,13.481169700622559
2015-09-16,1.382099986076355,1.5413999557495117,46.61000061035156,13.458499908447266
2015-09-17,1.3760000467300415,1.5297000408172607,49.08000183105469,13.264800071716309
2015-09-18,1.3561999797821045,1.4907000064849854,47.470001220703125,13.280280113220215
2015-09-21,1.4031000137329102,1.5140000581741333,48.91999816894531,13.292530059814453
2015-09-22,1.4163999557495117,1.531999945640564,49.08000183105469,13.462200164794922
2015-09-23,1.381600022315979,1.5055999755859375,47.75,13.679619789123535
2015-09-24,1.3652000427246094,1.5236999988555908,48.16999816894531,13.867879867553711
2015-09-25,1.395900011062622,1.5225000381469727,48.599998474121094,13.869999885559082
2015-09-28,1.3487999439239502,1.4772000312805176,47.34000015258789,13.8618803024292
2015-09-29,1.3631999492645264,1.4975999593734741,48.22999954223633,14.05739974975586
2015-09-30,1.3894000053405762,1.5125999450683594,48.369998931884766,13.968379974365234
2015-10-01,1.3667999505996704,1.5197999477386475,47.689998626708984,13.825779914855957
2015-10-02,1.3414000272750854,1.5198999643325806,48.130001068115234,13.919280052185059
2015-10-05,1.3853000402450562,1.54830002784729,49.25,13.743379592895508
2015-10-06,1.4362000226974487,1.6115000247955322,51.91999816894531,13.61847972869873
2015-10-07,1.3899999856948853,1.5795999765396118,51.33000183105469,13.516830444335938
2015-10-08,1.4077999591827393,1.6017999649047852,53.04999923706055,13.466930389404297
2015-10-09,1.416700005531311,1.59089994430542,52.650001525878906,13.299180030822754
2015-10-12,1.3410999774932861,1.5024000406265259,49.86000061035156,13.346420288085938
2015-10-13,1.3140000104904175,1.4708000421524048,49.2400016784668,13.329779624938965
2015-10-14,1.3083000183105469,1.483299970626831,49.150001525878906,13.533340454101562
2015-10-15,1.3071999549865723,1.486299991607666,48.709999084472656,13.210579872131348
2015-10-16,1.3279999494552612,1.4966000318527222,48.72999954223633,13.041489601135254
2015-10-19,1.2513999938964844,1.4491000175476074,48.61000061035156,13.083640098571777
2015-10-20,1.2783000469207764,1.448699951171875,48.709999084472656,13.286199569702148
2015-10-21,1.2807999849319458,1.4500000476837158,47.849998474121094,13.281490325927734
2015-10-22,1.3066999912261963,1.465000033378601,48.08000183105469,13.51471996307373
2015-10-23,1.3035999536514282,1.4543999433517456,47.9900016784668,13.420649528503418
2015-10-26,1.2878999710083008,1.4258999824523926,47.540000915527344,13.610300064086914
2015-10-27,1.2871999740600586,1.424399971961975,46.810001373291016,13.6260404586792
2015-10-28,1.350100040435791,1.4838999509811401,49.04999923706055,13.690130233764648
2015-10-29,1.3495999574661255,1.4747999906539917,48.79999923706055,13.718199729919434
2015-10-30,1.4049999713897705,1.499400019645691,49.560001373291016,13.886300086975098
2015-11-02,1.3753000497817993,1.5068999528884888,48.790000915527344,13.784299850463867
2015-11-03,1.4455000162124634,1.565999984741211,50.540000915527344,13.78678035736084
2015-11-04,1.3918999433517456,1.503499984741211,48.58000183105469,13.75868034362793
2015-11-05,1.3609999418258667,1.4872000217437744,47.97999954223633,13.941800117492676
2015-11-06,1.3695000410079956,1.4895999431610107,47.41999816894531,13.880669593811035
2015-11-09,1.3704999685287476,1.4773999452590942,47.189998626708984,14.141799926757812
2015-11-10,1.361799955368042,1.4865000247955322,47.439998626708984,14.291950225830078
2015-11-11,1.3293999433517456,1.447700023651123,45.810001373291016,14.247929573059082
2015-11-12,1.2731000185012817,1.406599998474121,44.060001373291016,14.149499893188477
2015-11-13,1.2388999462127686,1.3812999725341797,43.61000061035156,14.298379898071289
2015-11-16,1.2386000156402588,1.38510000705719,43.58000183105469,14.381669998168945
2015-11-17,1.2380000352859497,1.3681000471115112,43.56999969482422,14.329139709472656
2015-11-18,1.2661000490188599,1.3803999423980713,44.13999938964844,14.269579887390137
2015-11-19,1.2878999710083008,1.3717999458312988,44.18000030517578,14.16189956665039
2015-11-20,1.2903000116348267,1.3712999820709229,44.65999984741211,14.010499954223633
2015-11-23,1.3134000301361084,1.3743000030517578,44.83000183105469,13.974780082702637
2015-11-24,1.3902000188827515,1.3997000455856323,46.119998931884766,14.079219818115234
2015-11-25,1.3961000442504883,1.4026999473571777,46.16999816894531,14.011249542236328
2015-11-26,1.3961000442504883,1.4026999473571777,46.16999816894531,14.122980117797852
2015-11-27,1.3904999494552612,1.3523999452590942,44.86000061035156,14.28048038482666
2015-11-30,1.3587000370025635,1.336899995803833,44.61000061035156,14.375200271606445
2015-12-01,1.3630000352859497,1.36899995803833,44.439998626708984,14.420999526977539
2015-12-02,1.2930999994277954,1.304900050163269,42.4900016784668,14.442480087280273
2015-12-03,1.2963000535964966,1.3586000204086304,43.84000015258789,14.348400115966797
2015-12-04,1.2702000141143799,1.3423999547958374,43.0,14.348799705505371
2015-12-07,1.2094000577926636,1.2796000242233276,40.72999954223633,14.324410438537598
2015-12-08,1.2036000490188599,1.2591999769210815,40.2599983215332,14.508429527282715
2015-12-09,1.2316999435424805,1.2388999462127686,40.11000061035156,14.596199989318848
2015-12-10,1.2802000045776367,1.225100040435791,39.72999954223633,14.880720138549805
2015-12-11,1.281499981880188,1.1455999612808228,37.93000030517578,15.397600173950195
2015-12-14,1.2558000087738037,1.1276999711990356,37.91999816894531,15.346480369567871
2015-12-15,1.2444000244140625,1.1467000246047974,38.45000076293945,15.092080116271973
2015-12-16,1.232800006866455,1.1122000217437744,37.189998626708984,14.89657974243164
2015-12-17,1.2616000175476074,1.105299949645996,37.18000030517578,14.973600387573242
2015-12-18,1.2746000289916992,1.107100009918213,36.880001068115234,15.201580047607422
2015-12-21,1.2094000577926636,1.1003999710083008,36.349998474121094,15.084480285644531
2015-12-22,1.1749000549316406,1.0875999927520752,36.11000061035156,15.081979751586914
2015-12-23,1.2414000034332275,1.1191999912261963,37.36000061035156,15.159629821777344
2015-12-24,1.264299988746643,1.1009000539779663,37.88999938964844,15.210359573364258
2015-12-25,1.264299988746643,1.1009000539779663,37.88999938964844,15.248869895935059
2015-12-28,1.2325999736785889,1.090399980545044,36.619998931884766,15.241239547729492
2015-12-29,1.2760000228881836,1.1295000314712524,37.790000915527344,15.269439697265625
2015-12-30,1.2300000190734863,1.0791000127792358,36.459999084472656,15.28203010559082
2015-12-31,1.2670999765396118,1.1007000207901,37.279998779296875,15.534799575805664
2016-01-01,1.2670999765396118,1.1007000207901,37.279998779296875,15.460000038146973
2016-01-04,1.2906999588012695,1.1263999938964844,37.220001220703125,15.460639953613281
2016-01-05,1.256700038909912,1.1253000497817993,36.41999816894531,15.52299976348877
2016-01-06,1.1618000268936157,1.0807000398635864,34.22999954223633,15.637649536132812
2016-01-07,1.1460000276565552,1.065600037574768,33.75,15.857879638671875
2016-01-08,1.1276999711990356,1.0520999431610107,33.54999923706055,16.058679580688477
2016-01-11,1.1130000352859497,1.0148999691009521,31.549999237060547,16.81719970703125
2016-01-12,1.0848000049591064,0.9901000261306763,30.860000610351562,16.849239349365234
2016-01-13,1.0528000593185425,0.9693999886512756,30.309999465942383,16.625499725341797
2016-01-14,1.0684000253677368,0.9807999730110168,31.030000686645508,16.570999145507812
2016-01-15,1.0211999416351318,0.9343000054359436,31.010000228881836,16.420679092407227
2016-01-18,1.0211999416351318,0.9343000054359436,31.010000228881836,16.870370864868164
2016-01-19,1.0262000560760498,0.9086999893188477,28.760000228881836,16.83909034729004
2016-01-20,1.017699956893921,0.8657000064849854,27.8799991607666,16.734270095825195
2016-01-21,1.0312000513076782,0.8974999785423279,29.25,16.709999084472656
2016-01-22,1.083799958229065,0.9957000017166138,32.18000030517578,16.520910263061523
2016-01-25,1.0299999713897705,0.9352999925613403,30.5,16.406980514526367
2016-01-26,1.0471999645233154,0.9677000045776367,31.799999237060547,16.53639030456543
2016-01-27,1.045699954032898,1.0252000093460083,33.099998474121094,16.355560302734375
2016-01-28,1.0789999961853027,1.030900001525879,33.88999938964844,16.438579559326172
2016-01-29,1.1030999422073364,1.0550999641418457,34.7400016784668,16.16699981689453
2016-02-01,1.0829999446868896,1.0364999771118164,34.689998626708984,15.86128044128418
2016-02-02,1.0008000135421753,1.0109000205993652,32.720001220703125,15.920080184936523
2016-02-03,1.013700008392334,1.0786000490188599,35.040000915527344,16.28569984436035
2016-02-04,1.02839994430542,1.0805000066757202,34.459999084472656,15.932290077209473
2016-02-05,0.9926999807357788,1.059000015258789,34.060001373291016,15.842849731445312
2016-02-08,0.9560999870300293,1.0463999509811401,32.880001068115234,16.00649070739746
2016-02-09,0.8988999724388123,0.9749000072479248,30.31999969482422,16.115970611572266
2016-02-10,0.9424999952316284,0.9749000072479248,30.84000015258789,16.045320510864258
2016-02-11,0.9416999816894531,0.9790999889373779,30.059999465942383,15.900349617004395
2016-02-12,1.0432000160217285,1.0693000555038452,33.36000061035156,15.824299812316895
2016-02-15,1.0432000160217285,1.0693000555038452,33.36000061035156,15.866080284118652
2016-02-16,0.9708999991416931,1.0269999504089355,32.18000030517578,15.714179992675781
2016-02-17,1.0033999681472778,1.0879000425338745,34.5,15.77280044555664
2016-02-18,0.9724000096321106,1.079200029373169,34.279998779296875,15.459799766540527
2016-02-19,0.9593999981880188,1.0255000591278076,33.0099983215332,15.380000114440918
2016-02-22,1.000599980354309,1.0550999641418457,34.689998626708984,15.377599716186523
2016-02-23,0.9663000106811523,1.0220999717712402,33.27000045776367,15.18336009979248
2016-02-24,1.0104000568389893,1.059399962425232,34.40999984741211,15.229100227355957
2016-02-25,1.055999994277954,1.0700000524520874,35.290000915527344,15.596980094909668
2016-02-26,1.0166000127792358,1.051200032234192,35.099998474121094,15.585180282592773
2016-02-29,1.0497000217437744,1.0759999752044678,35.970001220703125,16.1600399017334
2016-03-01,1.3035000562667847,1.0994999408721924,35.959999084472656,15.840279579162598
2016-03-02,1.3107000589370728,1.1065000295639038,36.93000030517578,15.569860458374023
2016-03-03,1.298799991607666,1.1202000379562378,37.06999969482422,15.54973030090332
2016-03-04,1.3321000337600708,1.1612999439239502,38.720001220703125,15.58810043334961
2016-03-07,1.392699956893921,1.222499966621399,40.84000015258789,15.303150177001953
2016-03-08,1.3877999782562256,1.2000000476837158,39.650001525878906,15.24158000946045
2016-03-09,1.4704999923706055,1.232699990272522,41.06999969482422,15.420379638671875
2016-03-10,1.4390000104904175,1.2160999774932861,40.04999923706055,15.21030044555664
2016-03-11,1.4443000555038452,1.218000054359436,40.38999938964844,15.363419532775879
2016-03-14,1.4226000308990479,1.1964999437332153,39.529998779296875,15.226180076599121
2016-03-15,1.4082000255584717,1.1777000427246094,38.7400016784668,15.522430419921875
2016-03-16,1.4183000326156616,1.2311999797821045,40.33000183105469,15.957799911499023
2016-03-17,1.4383000135421753,1.2545000314712524,41.540000915527344,15.67747974395752
2016-03-18,1.427299976348877,1.2390999794006348,41.20000076293945,15.16897964477539
2016-03-21,1.458899974822998,1.2374000549316406,41.540000915527344,15.279359817504883
2016-03-22,1.4970999956130981,1.2520999908447266,41.790000915527344,15.223369598388672
2016-03-23,1.4541000127792358,1.2039999961853027,40.470001220703125,15.194080352783203
2016-03-24,1.46589994430542,1.1979000568389893,40.439998626708984,15.339099884033203
2016-03-25,1.46589994430542,1.1979000568389893,40.439998626708984,15.435079574584961
2016-03-28,1.468000054359436,1.1800999641418457,40.27000045776367,15.423450469970703
2016-03-29,1.4537999629974365,1.155500054359436,39.13999938964844,15.437549591064453
2016-03-30,1.436400055885315,1.1597000360488892,39.2599983215332,15.200579643249512
2016-03-31,1.4264999628067017,1.1848000288009644,39.599998474121094,14.909500122070312
2016-04-01,1.4016000032424927,1.131700038909912,39.65999984741211,14.63418960571289
2016-04-04,1.3769999742507935,1.0888999700546265,37.689998626708984,14.69159984588623
2016-04-05,1.3777999877929688,1.0745999813079834,37.869998931884766,14.770999908447266
2016-04-06,1.394700050354004,1.1403000354766846,39.84000015258789,15.083450317382812
2016-04-07,1.3811999559402466,1.1256999969482422,39.43000030517578,15.079170227050781
2016-04-08,1.4637000560760498,1.2003999948501587,41.939998626708984,15.244979858398438
2016-04-11,1.507699966430664,1.2146999835968018,42.83000183105469,14.921930313110352
2016-04-12,1.5342999696731567,1.2759000062942505,44.689998626708984,14.754670143127441
2016-04-13,1.5295000076293945,1.2655999660491943,44.18000030517578,14.701549530029297
2016-04-14,1.5055999755859375,1.2542999982833862,43.84000015258789,14.524200439453125
2016-04-15,1.4611999988555908,1.232200026512146,43.099998474121094,14.541600227355957
2016-04-18,1.4364999532699585,1.2359000444412231,42.90999984741211,14.682589530944824
2016-04-19,1.4799000024795532,1.263200044631958,44.029998779296875,14.45734977722168
2016-04-20,1.5068000555038452,1.332200050354004,45.79999923706055,14.287179946899414
2016-04-21,1.5159000158309937,1.2998000383377075,44.529998779296875,14.199999809265137
2016-04-22,1.530900001525879,1.308899998664856,45.11000061035156,14.312700271606445
2016-04-25,1.513100028038025,1.2903000116348267,44.47999954223633,14.377750396728516
2016-04-26,1.565999984741211,1.3324999809265137,45.7400016784668,14.433879852294922
2016-04-27,1.5808000564575195,1.3795000314712524,47.18000030517578,14.379070281982422
2016-04-28,1.5980000495910645,1.4046000242233276,48.13999938964844,14.354000091552734
2016-04-29,1.5848000049591064,1.3779000043869019,48.130001068115234,14.285759925842285
2016-05-02,1.5628000497817993,1.3554999828338623,48.099998474121094,14.176859855651855
2016-05-03,1.5099999904632568,1.333400011062622,46.75,14.255999565124512
2016-05-04,1.4866000413894653,1.3281999826431274,44.619998931884766,14.63617992401123
2016-05-05,1.4914000034332275,1.3286999464035034,45.0099983215332,14.9470796585083
2016-05-06,1.4961999654769897,1.3372999429702759,45.369998931884766,14.947669982910156
2016-05-09,1.4427000284194946,1.2862999439239502,43.630001068115234,14.819000244140625
2016-05-10,1.485700011253357,1.337499976158142,45.52000045776367,15.138190269470215
2016-05-11,1.5815000534057617,1.3967000246047974,47.599998474121094,15.093099594116211
2016-05-12,1.583299994468689,1.3940000534057617,48.08000183105469,15.011409759521484
2016-05-13,1.5881999731063843,1.4031000137329102,47.83000183105469,15.037830352783203
2016-05-16,1.6062999963760376,1.4400999546051025,48.970001220703125,15.457989692687988
2016-05-17,1.6340999603271484,1.4673999547958374,49.279998779296875,15.639479637145996
2016-05-18,1.648900032043457,1.4831000566482544,48.93000030517578,15.613980293273926
2016-05-19,1.6339000463485718,1.4788000583648682,48.810001373291016,15.863180160522461
2016-05-20,1.635599970817566,1.4900000095367432,48.720001220703125,15.78950023651123
2016-05-23,1.6455999612808228,1.4774999618530273,48.349998474121094,15.619500160217285
2016-05-24,1.6543999910354614,1.488700032234192,48.61000061035156,15.720250129699707
2016-05-25,1.6416000127792358,1.5126999616622925,49.7400016784668,15.650079727172852
2016-05-26,1.6195000410079956,1.5012999773025513,49.59000015258789,15.652469635009766
2016-05-27,1.6318999528884888,1.49399995803833,49.31999969482422,15.517680168151855
2016-05-30,1.6318999528884888,1.49399995803833,49.31999969482422,15.702099800109863
2016-05-31,1.61489999294281,1.497499942779541,49.689998626708984,15.803720474243164
2016-06-01,1.6153000593185425,1.498900055885315,49.709999084472656,15.711660385131836
2016-06-02,1.634600043296814,1.5088000297546387,50.040000915527344,15.581330299377441
2016-06-03,1.6074999570846558,1.4881000518798828,49.63999938964844,15.555999755859375
2016-06-06,1.5887000560760498,1.503100037574768,50.54999923706055,15.114990234375
2016-06-07,1.5871000289916992,1.5414999723434448,51.439998626708984,14.888999938964844
2016-06-08,1.6197999715805054,1.5705000162124634,52.5099983215332,14.91804027557373
2016-06-09,1.6186000108718872,1.551200032234192,51.95000076293945,14.731659889221191
2016-06-10,1.5595999956130981,1.5160000324249268,50.540000915527344,14.808540344238281
2016-06-13,1.5362000465393066,1.5145000219345093,50.349998474121094,15.226149559020996
2016-06-14,1.521299958229065,1.5019999742507935,49.83000183105469,15.124480247497559
2016-06-15,1.5013999938964844,1.4778000116348267,48.970001220703125,15.333800315856934
2016-06-16,1.4652999639511108,1.4228999614715576,47.189998626708984,15.170880317687988
2016-06-17,1.5053000450134277,1.4816999435424805,49.16999816894531,15.320090293884277
2016-06-20,1.5827000141143799,1.527400016784668,50.650001525878906,15.035880088806152
2016-06-21,1.592900037765503,1.516700029373169,50.619998931884766,14.82367992401123
2016-06-22,1.5881999731063843,1.5047999620437622,49.880001068115234,14.750080108642578
2016-06-23,1.6035000085830688,1.5205999612808228,50.90999984741211,14.565979957580566
2016-06-24,1.524999976158142,1.455299973487854,48.40999984741211,14.5493803024292
2016-06-27,1.476699948310852,1.4292000532150269,47.15999984741211,15.201919555664062
2016-06-28,1.5099999904632568,1.4710999727249146,48.58000183105469,15.393250465393066
2016-06-29,1.5247999429702759,1.5334999561309814,50.61000061035156,15.143879890441895
2016-06-30,1.5013999938964844,1.4846999645233154,49.68000030517578,14.771249771118164
2016-07-01,1.5134999752044678,1.5115000009536743,49.84000015258789,14.73550033569336
2016-07-04,1.5134999752044678,1.5115000009536743,49.84000015258789,14.590880393981934
2016-07-05,1.4286999702453613,1.4456000328063965,47.959999084472656,14.574749946594238
2016-07-06,1.4328999519348145,1.4710999727249146,48.79999923706055,14.764479637145996
2016-07-07,1.3631000518798828,1.410599946975708,46.400001525878906,14.720000267028809
2016-07-08,1.3708000183105469,1.4122999906539917,46.7599983215332,14.768890380859375
2016-07-11,1.3834999799728394,1.4163000583648682,46.25,14.548649787902832
2016-07-12,1.4300999641418457,1.4631999731063843,48.470001220703125,14.446279525756836
2016-07-13,1.3783999681472778,1.3809000253677368,46.2599983215332,14.3412504196167
2016-07-14,1.4140000343322754,1.4063999652862549,47.369998931884766,14.476539611816406
2016-07-15,1.4220000505447388,1.3974000215530396,47.61000061035156,14.257080078125
2016-07-18,1.3871999979019165,1.3777999877929688,46.959999084472656,14.398880004882812
2016-07-19,1.3756999969482422,1.3840999603271484,46.65999984741211,14.236949920654297
2016-07-20,1.363700032234192,1.405400037765503,47.16999816894531,14.331450462341309
2016-07-21,1.3550000190734863,1.3707000017166138,46.20000076293945,14.289999961853027
2016-07-22,1.3615000247955322,1.3569999933242798,45.689998626708984,14.220749855041504
2016-07-25,1.3336000442504883,1.3228000402450562,44.720001220703125,14.288370132446289
2016-07-26,1.3451999425888062,1.3259999752044678,44.869998931884766,14.35846996307373
2016-07-27,1.3214000463485718,1.2949999570846558,43.470001220703125,14.33174991607666
2016-07-28,1.3062000274658203,1.270400047302246,42.70000076293945,14.207679748535156
2016-07-29,1.3209999799728394,1.2760000228881836,42.459999084472656,14.133899688720703
2016-08-01,1.3035999536514282,1.2578999996185303,42.45000076293945,13.89365005493164
2016-08-02,1.3115999698638916,1.2589999437332153,41.79999923706055,13.922249794006348
2016-08-03,1.3499000072479248,1.287500023841858,43.099998474121094,14.007089614868164
2016-08-04,1.3680000305175781,1.3258999586105347,44.290000915527344,13.905500411987305
2016-08-05,1.3762999773025513,1.3170000314712524,44.27000045776367,13.691579818725586
2016-08-08,1.3619999885559082,1.3436000347137451,45.38999938964844,13.751890182495117
2016-08-09,1.3461999893188477,1.3307000398635864,44.97999954223633,13.587499618530273
2016-08-10,1.3013999462127686,1.3184000253677368,44.04999923706055,13.426819801330566
2016-08-11,1.3617000579833984,1.3848999738693237,46.040000915527344,13.240169525146484
2016-08-12,1.37090003490448,1.4085999727249146,46.970001220703125,13.393699645996094
2016-08-15,1.4006999731063843,1.4499000310897827,48.349998474121094,13.446999549865723
2016-08-16,1.4226000308990479,1.461300015449524,49.22999954223633,13.288000106811523
2016-08-17,1.4505000114440918,1.4891999959945679,49.849998474121094,13.408900260925293
2016-08-18,1.4896999597549438,1.5260000228881836,50.88999938964844,13.36240005493164
2016-08-19,1.5128999948501587,1.5196000337600708,50.880001068115234,13.353500366210938
2016-08-22,1.4842000007629395,1.4864000082015991,49.15999984741211,13.483699798583984
2016-08-23,1.4988000392913818,1.5017999410629272,49.959999084472656,13.560799598693848
2016-08-24,1.509600043296814,1.4962999820709229,49.04999923706055,13.886750221252441
2016-08-25,1.5113999843597412,1.5094000101089478,49.66999816894531,14.155099868774414
2016-08-26,1.5127999782562256,1.4972000122070312,49.91999816894531,14.191800117492676
2016-08-29,1.4668999910354614,1.486199975013733,49.2599983215332,14.291799545288086
2016-08-30,1.4483000040054321,1.4710999727249146,48.369998931884766,14.395899772644043
2016-08-31,1.4121999740600586,1.4101999998092651,47.040000915527344,14.469499588012695
2016-09-01,1.2724000215530396,1.3818999528884888,47.04999923706055,14.679300308227539
2016-09-02,1.3015999794006348,1.409600019454956,46.83000183105469,14.576199531555176
2016-09-05,1.3015999794006348,1.409600019454956,46.83000183105469,14.475210189819336
2016-09-06,1.3164000511169434,1.4084999561309814,47.2599983215332,14.379300117492676
2016-09-07,1.3464000225067139,1.4264999628067017,47.97999954223633,13.990570068359375
2016-09-08,1.4164999723434448,1.482200026512146,49.9900016784668,13.996399879455566
2016-09-09,1.3610999584197998,1.430400013923645,48.0099983215332,14.117050170898438
2016-09-12,1.3898999691009521,1.441499948501587,48.31999969482422,14.378979682922363
2016-09-13,1.3765000104904175,1.4228999614715576,47.099998474121094,14.244680404663086
2016-09-14,1.3615000247955322,1.381700038909912,45.849998474121094,14.430859565734863
2016-09-15,1.4301999807357788,1.416200041770935,46.59000015258789,14.306920051574707
2016-09-16,1.4615999460220337,1.4050999879837036,45.77000045776367,14.191900253295898
2016-09-19,1.420799970626831,1.3944000005722046,45.95000076293945,14.195699691772461
2016-09-20,1.3645999431610107,1.4049999713897705,45.880001068115234,13.997300148010254
2016-09-21,1.3990000486373901,1.4290000200271606,46.83000183105469,13.894200325012207
2016-09-22,1.4018000364303589,1.454200029373169,47.650001525878906,13.577199935913086
2016-09-23,1.3768999576568604,1.4072999954223633,45.88999938964844,13.613450050354004
2016-09-26,1.402400016784668,1.4490000009536743,47.349998474121094,13.749070167541504
2016-09-27,1.3937000036239624,1.4098999500274658,45.970001220703125,13.696279525756836
2016-09-28,1.4776999950408936,1.4910000562667847,48.689998626708984,13.440299987792969
2016-09-29,1.4667999744415283,1.510200023651123,49.2400016784668,13.623200416564941
2016-09-30,1.4874000549316406,1.527899980545044,49.060001373291016,13.918100357055664
2016-10-03,1.4704999923706055,1.5532000064849854,49.099998474121094,13.736800193786621
2016-10-04,1.4996000528335571,1.5543999671936035,50.869998931884766,13.596699714660645
2016-10-05,1.492799997329712,1.5822999477386475,51.86000061035156,13.820300102233887
2016-10-06,1.4977999925613403,1.5958000421524048,52.5099983215332,13.721280097961426
2016-10-07,1.4817999601364136,1.579300045967102,51.93000030517578,13.883379936218262
2016-10-10,1.4817999601364136,1.579300045967102,51.93000030517578,13.784299850463867
2016-10-11,1.4829000234603882,1.5872999429702759,52.40999984741211,13.776700019836426
2016-10-12,1.461899995803833,1.5667999982833862,51.810001373291016,14.333700180053711
2016-10-13,1.4817999601364136,1.5795999765396118,52.029998779296875,14.228400230407715
2016-10-14,1.4936000108718872,1.5672999620437622,51.95000076293945,14.249799728393555
2016-10-17,1.492400050163269,1.5561000108718872,51.52000045776367,14.295000076293945
2016-10-18,1.5056999921798706,1.568600058555603,51.68000030517578,14.128000259399414
2016-10-19,1.5135999917984009,1.5879000425338745,52.66999816894531,13.866600036621094
2016-10-20,1.4937000274658203,1.5595999956130981,51.380001068115234,13.818400382995605
2016-10-21,1.5313999652862549,1.5740000009536743,51.779998779296875,13.93280029296875
2016-10-24,1.5038000345230103,1.579800009727478,51.459999084472656,13.930680274963379
2016-10-25,1.500499963760376,1.563099980354309,50.790000915527344,13.906570434570312
2016-10-26,1.4831000566482544,1.5511000156402588,49.97999954223633,13.745800018310547
2016-10-27,1.4871000051498413,1.570099949836731,50.470001220703125,13.872400283813477
2016-10-28,1.469099998474121,1.542199969291687,49.709999084472656,13.84469985961914
2016-10-31,1.4494999647140503,1.4954999685287476,48.29999923706055,13.776599884033203
2016-11-01,1.4840999841690063,1.5168999433517456,48.33000183105469,13.461999893188477
2016-11-02,1.4479000568389893,1.4665000438690186,46.86000061035156,13.612139701843262
2016-11-03,1.4244999885559082,1.4581999778747559,46.349998474121094,13.444199562072754
2016-11-04,1.378600001335144,1.430299997329712,45.58000183105469,13.431400299072266
2016-11-07,1.371000051498413,1.440600037574768,46.150001525878906,13.528300285339355
2016-11-08,1.3691999912261963,1.441100001335144,46.040000915527344,13.375200271606445
2016-11-09,1.357200026512146,1.441100001335144,46.36000061035156,13.231209754943848
2016-11-10,1.3377000093460083,1.4365999698638916,45.84000015258789,13.478500366210938
2016-11-11,1.3377000093460083,1.4365999698638916,45.84000015258789,14.069499969482422
2016-11-14,1.2777999639511108,1.3854999542236328,44.43000030517578,14.239299774169922
2016-11-15,1.3350000381469727,1.4438999891281128,46.95000076293945,14.401800155639648
2016-11-16,1.319100022315979,1.434999942779541,46.630001068115234,14.161499977111816
2016-11-17,1.343000054359436,1.4470000267028809,46.4900016784668,14.280500411987305
2016-11-18,1.3391000032424927,1.4577000141143799,46.86000061035156,14.424449920654297
2016-11-21,1.3964999914169312,1.5245000123977661,48.900001525878906,14.423399925231934
2016-11-22,1.4098000526428223,1.5262999534606934,49.119998931884766,14.208900451660156
2016-11-23,1.4217000007629395,1.5168999433517456,48.95000076293945,14.062379837036133
2016-11-24,1.4217000007629395,1.5168999433517456,48.95000076293945,14.126700401306152
2016-11-25,1.3726999759674072,1.4700000286102295,47.2400016784668,14.137999534606934
2016-11-28,1.4127000570297241,1.5127999782562256,48.2400016784668,14.022979736328125
2016-11-29,1.3770999908447266,1.4627000093460083,46.380001068115234,13.724180221557617
2016-11-30,1.4908000230789185,1.5708999633789062,50.470001220703125,13.872599601745605
2016-12-01,1.5470000505447388,1.6478999853134155,50.459999084472656,14.089380264282227
2016-12-02,1.5591000318527222,1.6581000089645386,54.459999084472656,14.09179973602295
2016-12-05,1.5575000047683716,1.657099962234497,54.939998626708984,13.907779693603516
2016-12-06,1.5358999967575073,1.6378999948501587,53.93000030517578,13.709110260009766
2016-12-07,1.5082000494003296,1.618399977684021,53.0,13.634499549865723
2016-12-08,1.504699945449829,1.6259000301361084,53.88999938964844,13.458869934082031
2016-12-09,1.5073000192642212,1.6374000310897827,54.33000183105469,13.640979766845703
2016-12-12,1.5429999828338623,1.6717000007629395,55.689998626708984,13.806900024414062
2016-12-13,1.5506999492645264,1.6747000217437744,55.720001220703125,13.600099563598633
2016-12-14,1.5331000089645386,1.6434999704360962,53.900001525878906,13.580900192260742
2016-12-15,1.542099952697754,1.6419999599456787,54.02000045776367,13.952489852905273
2016-12-16,1.5571000576019287,1.6722999811172485,55.209999084472656,13.957500457763672
2016-12-19,1.5638999938964844,1.6690000295639038,54.91999816894531,14.005000114440918
2016-12-20,1.5936000347137451,1.6687999963760376,55.349998474121094,14.130780220031738
2016-12-21,1.6054999828338623,1.6401000022888184,54.459999084472656,13.918379783630371
2016-12-22,1.6039999723434448,1.6607999801635742,55.04999923706055,13.966699600219727
2016-12-23,1.6261999607086182,1.6627999544143677,55.15999984741211,14.031700134277344
2016-12-26,1.6261999607086182,1.6627999544143677,55.15999984741211,14.027600288391113
2016-12-27,1.6527999639511108,1.6993999481201172,56.09000015258789,13.993800163269043
2016-12-28,1.6746000051498413,1.6993000507354736,56.220001220703125,13.916399955749512
2016-12-29,1.6820000410079956,1.7036999464035034,56.13999938964844,13.854599952697754
2016-12-30,1.6650999784469604,1.704300045967102,56.130001068115234,13.574299812316895
2017-01-02,1.6650999784469604,1.704300045967102,56.130001068115234,13.735690116882324
2017-01-03,1.6217999458312988,1.6766999959945679,55.470001220703125,13.710399627685547
2017-01-04,1.645900011062622,1.6929999589920044,56.459999084472656,13.796589851379395
2017-01-05,1.6376999616622925,1.694200038909912,56.88999938964844,13.597399711608887
2017-01-06,1.6339999437332153,1.7031999826431274,57.099998474121094,13.571499824523926
2017-01-09,1.5707000494003296,1.6375999450683594,54.939998626708984,13.74489974975586
2017-01-10,1.5467000007629395,1.6114000082015991,53.63999938964844,13.644499778747559
2017-01-11,1.592900037765503,1.652400016784668,55.099998474121094,13.726900100708008
2017-01-12,1.61080002784729,1.6756000518798828,56.0099983215332,13.718199729919434
2017-01-13,1.6117000579833984,1.6513999700546265,55.45000076293945,13.52299976348877
2017-01-16,1.6117000579833984,1.6513999700546265,55.45000076293945,13.52614974975586
2017-01-17,1.6003999710083008,1.6485999822616577,55.470001220703125,13.662980079650879
2017-01-18,1.548699975013733,1.6092000007629395,53.91999816894531,13.454360008239746
2017-01-19,1.534500002861023,1.618299961090088,54.15999984741211,13.617500305175781
2017-01-20,1.565999984741211,1.645900011062622,55.4900016784668,13.541999816894531
2017-01-23,1.5666999816894531,1.6265000104904175,55.22999954223633,13.606889724731445
2017-01-24,1.5758999586105347,1.6414999961853027,55.439998626708984,13.453900337219238
2017-01-25,1.523800015449524,1.6114000082015991,55.08000183105469,13.361869812011719
2017-01-26,1.5427000522613525,1.6409000158309937,56.2400016784668,13.230799674987793
2017-01-27,1.5270999670028687,1.618899941444397,55.52000045776367,13.339469909667969
2017-01-30,1.5054999589920044,1.6066999435424805,55.22999954223633,13.468170166015625
2017-01-31,1.5255999565124512,1.6117000579833984,55.70000076293945,13.508079528808594
2017-02-01,1.5791000127792358,1.6740000247955322,55.65999984741211,13.46735954284668
2017-02-02,1.5328999757766724,1.6518000364303589,56.560001373291016,13.456500053405762
2017-02-03,1.5536999702453613,1.6650999784469604,56.810001373291016,13.37339973449707
2017-02-06,1.5103000402450562,1.635200023651123,55.720001220703125,13.253899574279785
2017-02-07,1.4874999523162842,1.6220999956130981,55.04999923706055,13.282620429992676
2017-02-08,1.5527000427246094,1.6360000371932983,55.119998931884766,13.426799774169922
2017-02-09,1.570199966430664,1.6414999961853027,55.630001068115234,13.406900405883789
2017-02-10,1.5895999670028687,1.6658999919891357,56.70000076293945,13.418190002441406
2017-02-13,1.544600009918213,1.6273000240325928,55.59000015258789,13.368880271911621
2017-02-14,1.5467000007629395,1.638200044631958,55.970001220703125,13.315199851989746
2017-02-15,1.5478999614715576,1.6304999589920044,55.75,13.076600074768066
2017-02-16,1.5247000455856323,1.62909996509552,55.650001525878906,12.900699615478516
2017-02-17,1.5166000127792358,1.6363999843597412,55.810001373291016,13.00879955291748
2017-02-20,1.5166000127792358,1.6363999843597412,55.810001373291016,13.06583023071289
2017-02-21,1.49399995803833,1.6425000429153442,56.65999984741211,13.05247974395752
2017-02-22,1.5132999420166016,1.6296000480651855,55.84000015258789,13.14441967010498
2017-02-23,1.5285999774932861,1.6567000150680542,56.58000183105469,12.99800968170166
2017-02-24,1.514799952507019,1.6404000520706177,55.9900016784668,12.853500366210938
2017-02-27,1.5326999425888062,1.6398999691009521,55.93000030517578,12.923500061035156
2017-02-28,1.5119999647140503,1.6208000183105469,55.59000015258789,12.991700172424316
2017-03-01,1.6779999732971191,1.6240999698638916,55.599998474121094,13.122900009155273
2017-03-02,1.6433000564575195,1.5791000127792358,55.08000183105469,13.00879955291748
2017-03-03,1.6531000137329102,1.5936000347137451,55.900001525878906,13.143199920654297
2017-03-06,1.6722999811172485,1.6045000553131104,56.0099983215332,12.998900413513184
2017-03-07,1.679800033569336,1.6138999462127686,55.91999816894531,13.003800392150879
2017-03-08,1.6526000499725342,1.5566999912261963,53.11000061035156,12.957099914550781
2017-03-09,1.6243000030517578,1.5295000076293945,52.189998626708984,13.140379905700684
2017-03-10,1.600100040435791,1.503600001335144,51.369998931884766,13.313899993896484
2017-03-13,1.5807000398635864,1.500599980354309,51.349998474121094,13.195440292358398
2017-03-14,1.5835000276565552,1.4918999671936035,50.91999816894531,13.122879981994629
2017-03-15,1.583400011062622,1.5124000310897827,51.810001373291016,13.139699935913086
2017-03-16,1.5942000150680542,1.5042999982833862,51.7400016784668,12.809399604797363
2017-03-17,1.5988999605178833,1.5084999799728394,51.7599983215332,12.757399559020996
2017-03-20,1.611299991607666,1.5140999555587769,51.619998931884766,12.698949813842773
2017-03-21,1.6052000522613525,1.5032999515533447,50.959999084472656,12.638019561767578
2017-03-22,1.6018999814987183,1.4967999458312988,50.63999938964844,12.671899795532227
2017-03-23,1.5895999670028687,1.4901000261306763,50.560001373291016,12.559370040893555
2017-03-24,1.6047999858856201,1.4975999593734741,50.79999923706055,12.455599784851074
2017-03-27,1.618899941444397,1.502500057220459,50.75,12.39896011352539
2017-03-28,1.6348999738693237,1.516700029373169,51.33000183105469,12.738900184631348
2017-03-29,1.6720000505447388,1.5425000190734863,52.41999816894531,12.976579666137695
2017-03-30,1.6812000274658203,1.5582000017166138,52.959999084472656,13.040800094604492
2017-03-31,1.7000999450683594,1.5736000537872314,52.83000183105469,13.432600021362305
2017-04-03,1.6936999559402466,1.5634000301361084,53.119998931884766,13.355690002441406
2017-04-04,1.7216999530792236,1.5923000574111938,54.16999816894531,13.690699577331543
2017-04-05,1.7152999639511108,1.6035000085830688,54.36000061035156,13.601300239562988
2017-04-06,1.729599952697754,1.6129000186920166,54.88999938964844,13.78007984161377
2017-04-07,1.7461999654769897,1.6283999681472778,55.2400016784668,13.771900177001953
2017-04-10,1.7581000328063965,1.6473000049591064,55.97999954223633,13.757699966430664
2017-04-11,1.757699966430664,1.6505999565124512,56.22999954223633,13.913700103759766
2017-04-12,1.7417000532150269,1.6519999504089355,55.86000061035156,13.805150032043457
2017-04-13,1.7348999977111816,1.6495000123977661,55.88999938964844,13.461799621582031
2017-04-14,1.7348999977111816,1.6495000123977661,55.88999938964844,13.43809986114502
2017-04-17,1.719599962234497,1.6328999996185303,55.36000061035156,13.392680168151855
2017-04-18,1.7109999656677246,1.621899962425232,54.88999938964844,13.291999816894531
2017-04-19,1.659000039100647,1.5813000202178955,52.93000030517578,13.263279914855957
2017-04-20,1.6705000400543213,1.5788999795913696,52.9900016784668,13.26509952545166
2017-04-21,1.6445000171661377,1.5533000230789185,51.959999084472656,13.131400108337402
2017-04-24,1.621399998664856,1.5427000522613525,51.599998474121094,12.980899810791016
2017-04-25,1.6230000257492065,1.545199990272522,52.099998474121094,13.019499778747559
2017-04-26,1.5902999639511108,1.5367000102996826,51.81999969482422,13.070679664611816
2017-04-27,1.5499999523162842,1.507200002670288,51.439998626708984,13.247420310974121
2017-04-28,1.5479999780654907,1.503999948501587,51.72999954223633,13.33899974822998
2017-05-01,1.5271999835968018,1.4878000020980835,51.52000045776367,13.333800315856934
2017-05-02,1.5135999917984009,1.468000054359436,50.459999084472656,13.3858003616333
2017-05-03,1.5338000059127808,1.4736000299453735,50.790000915527344,13.337800025939941
2017-05-04,1.4811999797821045,1.4122999906539917,48.380001068115234,13.43280029296875
2017-05-05,1.5046000480651855,1.4365999698638916,49.099998474121094,13.632499694824219
2017-05-08,1.517799973487854,1.4556000232696533,49.34000015258789,13.451080322265625
2017-05-09,1.4895000457763672,1.4421000480651855,48.72999954223633,13.607020378112793
2017-05-10,1.5396000146865845,1.4753999710083008,50.220001220703125,13.621500015258789
2017-05-11,1.5621999502182007,1.48989999294281,50.77000045776367,13.488300323486328
2017-05-12,1.5760999917984009,1.493299961090088,50.84000015258789,13.355799674987793
2017-05-15,1.5953999757766724,1.509600043296814,51.81999969482422,13.366800308227539
2017-05-16,1.6043000221252441,1.5163999795913696,51.650001525878906,13.168000221252441
2017-05-17,1.6026999950408936,1.5334999561309814,52.209999084472656,13.070699691772461
2017-05-18,1.6062999963760376,1.545300006866455,52.5099983215332,13.257200241088867
2017-05-19,1.6523000001907349,1.5827000141143799,53.61000061035156,13.409250259399414
2017-05-22,1.662600040435791,1.6021000146865845,53.869998931884766,13.20110034942627
2017-05-23,1.6613999605178833,1.6066999435424805,54.150001525878906,13.233699798583984
2017-05-24,1.6526000499725342,1.6062999963760376,53.959999084472656,13.092000007629395
2017-05-25,1.6093000173568726,1.5508999824523926,51.459999084472656,12.889699935913086
2017-05-26,1.6426000595092773,1.5633000135421753,52.150001525878906,12.916099548339844
2017-05-29,1.6426000595092773,1.5633000135421753,52.150001525878906,12.819910049438477
2017-05-30,1.6389000415802002,1.549399971961975,51.84000015258789,12.991439819335938
2017-05-31,1.6122000217437744,1.5153000354766846,50.310001373291016,13.110179901123047
2017-06-01,1.6014000177383423,1.5017000436782837,50.33000183105469,13.075499534606934
2017-06-02,1.5771000385284424,1.4847999811172485,49.95000076293945,12.88739013671875
2017-06-05,1.538100004196167,1.4593000411987305,49.470001220703125,12.814000129699707
2017-06-06,1.5544999837875366,1.4661999940872192,50.119998931884766,12.690529823303223
2017-06-07,1.4912999868392944,1.416200041770935,48.060001373291016,12.809000015258789
2017-06-08,1.4918999671936035,1.4222999811172485,47.86000061035156,12.815699577331543
2017-06-09,1.5017000436782837,1.4312000274658203,48.150001525878906,12.917169570922852
2017-06-12,1.4880000352859497,1.4254000186920166,48.290000915527344,12.911120414733887
2017-06-13,1.499500036239624,1.447700023651123,48.720001220703125,12.819860458374023
2017-06-14,1.4327000379562378,1.4101999998092651,47.0,12.773039817810059
2017-06-15,1.4357000589370728,1.4146000146865845,46.91999816894531,12.627610206604004
2017-06-16,1.454800009727478,1.4270000457763672,47.369998931884766,12.868599891662598
2017-06-19,1.450600028038025,1.4111000299453735,46.90999984741211,12.793009757995605
2017-06-20,1.4240000247955322,1.3948999643325806,46.02000045776367,12.977569580078125
2017-06-21,1.4105000495910645,1.364799976348877,44.81999969482422,13.058500289916992
2017-06-22,1.434499979019165,1.3716000318527222,45.220001220703125,13.058699607849121
2017-06-23,1.4341000318527222,1.3717000484466553,45.540000915527344,12.962300300598145
2017-06-26,1.4386999607086182,1.3802000284194946,45.83000183105469,12.911800384521484
2017-06-27,1.4598000049591064,1.413699984550476,46.650001525878906,12.865300178527832
2017-06-28,1.483299970626831,1.4329999685287476,47.310001373291016,13.009110450744629
2017-06-29,1.4855999946594238,1.4459999799728394,47.41999816894531,12.925600051879883
2017-06-30,1.5152000188827515,1.4754999876022339,47.91999816894531,12.986499786376953
2017-07-03,1.5348000526428223,1.5127999782562256,49.68000030517578,13.049500465393066
2017-07-04,1.5348000526428223,1.5127999782562256,49.68000030517578,13.19480037689209
2017-07-05,1.5024000406265259,1.4785000085830688,47.790000915527344,13.183199882507324
2017-07-06,1.5286999940872192,1.4818999767303467,48.11000061035156,13.385600090026855
2017-07-07,1.4983999729156494,1.448199987411499,46.709999084472656,13.409500122070312
2017-07-10,1.5006999969482422,1.4536000490188599,46.880001068115234,13.376899719238281
2017-07-11,1.5183000564575195,1.4763000011444092,47.52000045776367,13.376899719238281
2017-07-12,1.520799994468689,1.4737000465393066,47.7400016784668,13.533599853515625
2017-07-13,1.5261000394821167,1.4917000532150269,48.41999816894531,13.2431001663208
2017-07-14,1.5605000257492065,1.5149999856948853,48.90999984741211,13.199999809265137
2017-07-17,1.5566999912261963,1.499500036239624,48.41999816894531,13.020600318908691
2017-07-18,1.5788999795913696,1.5104000568389893,48.84000015258789,12.94159984588623
2017-07-19,1.6168999671936035,1.5513999462127686,49.70000076293945,12.9028902053833
2017-07-20,1.6061999797821045,1.5435999631881714,49.29999923706055,12.928279876708984
2017-07-21,1.5633000135421753,1.5152000188827515,48.060001373291016,13.0201997756958
2017-07-24,1.5568000078201294,1.5168999433517456,48.599998474121094,12.912300109863281
2017-07-25,1.5961999893188477,1.56850004196167,50.20000076293945,12.951899528503418
2017-07-26,1.617300033569336,1.5952999591827393,50.970001220703125,13.064900398254395
2017-07-27,1.6446000337600708,1.6031999588012695,51.4900016784668,12.893099784851074
2017-07-28,1.6761000156402588,1.6397000551223755,52.52000045776367,13.000289916992188
2017-07-31,1.7058000564575195,1.651900053024292,52.650001525878906,12.98900032043457
2017-08-01,1.6612999439239502,1.6412999629974365,52.630001068115234,13.161399841308594
2017-08-02,1.6447999477386475,1.6588000059127808,52.36000061035156,13.248559951782227
2017-08-03,1.6318999528884888,1.6389000415802002,52.0099983215332,13.213600158691406
2017-08-04,1.646299958229065,1.6485999822616577,52.41999816894531,13.36769962310791
2017-08-07,1.6298999786376953,1.639799952507019,52.369998931884766,13.401100158691406
2017-08-08,1.6208000183105469,1.6291999816894531,52.13999938964844,13.21737003326416
2017-08-09,1.6200000047683716,1.6533000469207764,52.70000076293945,13.356100082397461
2017-08-10,1.6028000116348267,1.6312999725341797,51.900001525878906,13.42590045928955
2017-08-11,1.6130000352859497,1.634600043296814,52.099998474121094,13.447979927062988
2017-08-14,1.57669997215271,1.6057000160217285,50.72999954223633,13.431400299072266
2017-08-15,1.5794999599456787,1.5995999574661255,50.79999923706055,13.292900085449219
2017-08-16,1.5637999773025513,1.5743999481201172,50.27000045776367,13.30739974975586
2017-08-17,1.586899995803833,1.5820000171661377,51.029998779296875,13.168899536132812
2017-08-18,1.6239999532699585,1.6203999519348145,52.720001220703125,13.2847900390625
2017-08-21,1.5841000080108643,1.5712000131607056,51.65999984741211,13.15939998626709
2017-08-22,1.5908000469207764,1.5911999940872192,51.869998931884766,13.149399757385254
2017-08-23,1.618899941444397,1.624400019645691,52.56999969482422,13.20460033416748
2017-08-24,1.6641000509262085,1.621000051498413,52.040000915527344,13.14780044555664
2017-08-25,1.666599988937378,1.6223000288009644,52.40999984741211,13.196260452270508
2017-08-28,1.7122999429702759,1.635200023651123,51.88999938964844,13.00100040435791
2017-08-29,1.7833000421524048,1.6655000448226929,52.0,13.074150085449219
2017-08-30,1.8846999406814575,1.673799991607666,50.86000061035156,12.989100456237793
2017-08-31,2.139899969100952,1.7575000524520874,52.380001068115234,13.006500244140625
2017-09-01,1.7479000091552734,1.7467999458312988,52.31999969482422,12.985899925231934
2017-09-04,1.7479000091552734,1.7467999458312988,52.31999969482422,12.942449569702148
2017-09-05,1.6991000175476074,1.7480000257492065,53.380001068115234,12.935400009155273
2017-09-06,1.67330002784729,1.7595000267028809,54.20000076293945,12.901100158691406
2017-09-07,1.6610000133514404,1.7861000299453735,54.4900016784668,12.788200378417969
2017-09-08,1.6476000547409058,1.7656999826431274,53.779998779296875,12.798419952392578
2017-09-11,1.6345000267028809,1.7426999807357788,53.84000015258789,12.902999877929688
2017-09-12,1.6562999486923218,1.7405999898910522,54.27000045776367,12.964240074157715
2017-09-13,1.6473000049591064,1.7684999704360962,55.15999984741211,12.97737979888916
2017-09-14,1.6287000179290771,1.777500033378601,55.470001220703125,13.140899658203125
2017-09-15,1.6617000102996826,1.798799991607666,55.619998931884766,13.116499900817871
2017-09-18,1.6685999631881714,1.7796000242233276,55.47999954223633,13.151000022888184
2017-09-19,1.6549999713897705,1.7726000547409058,55.13999938964844,13.284600257873535
2017-09-20,1.6550999879837036,1.8070000410079956,56.290000915527344,13.324480056762695
2017-09-21,1.6438000202178955,1.8152999877929688,56.43000030517578,13.319499969482422
2017-09-22,1.6684000492095947,1.8163000345230103,56.86000061035156,13.283980369567871
2017-09-25,1.722000002861023,1.8562999963760376,59.02000045776367,13.234399795532227
2017-09-26,1.698799967765808,1.8452999591827393,58.439998626708984,13.32509994506836
2017-09-27,1.6540000438690186,1.8463000059127808,57.900001525878906,13.359100341796875
2017-09-28,1.6318000555038452,1.8320000171661377,57.40999984741211,13.57390022277832
2017-09-29,1.6065000295639038,1.8116999864578247,57.540000915527344,13.510100364685059
2017-10-02,1.555299997329712,1.7664999961853027,56.119998931884766,13.547300338745117
2017-10-03,1.565500020980835,1.750499963760376,56.0,13.582099914550781
2017-10-04,1.5805000066757202,1.773900032043457,55.79999923706055,13.64210033416748
2017-10-05,1.6114000082015991,1.7862999439239502,57.0,13.565600395202637
2017-10-06,1.5587999820709229,1.743899941444397,55.619998931884766,13.664139747619629
2017-10-09,1.559399962425232,1.735200047492981,55.790000915527344,13.756199836730957
2017-10-10,1.5915000438690186,1.7648999691009521,56.61000061035156,13.790499687194824
2017-10-11,1.6092000007629395,1.7861000299453735,56.939998626708984,13.683899879455566
2017-10-12,1.5831999778747559,1.7654999494552612,56.25,13.512299537658691
2017-10-13,1.6222000122070312,1.7970000505447388,57.16999816894531,13.463800430297852
2017-10-16,1.6168999671936035,1.8128999471664429,57.81999969482422,13.26360034942627
2017-10-17,1.6301000118255615,1.8098000288009644,57.880001068115234,13.327879905700684
2017-10-18,1.642899990081787,1.8028000593185425,58.150001525878906,13.380900382995605
2017-10-19,1.644700050354004,1.7767000198364258,57.22999954223633,13.553999900817871
2017-10-20,1.6780999898910522,1.8051999807357788,57.75,13.503999710083008
2017-10-23,1.6783000230789185,1.7877999544143677,57.369998931884766,13.691900253295898
2017-10-24,1.715499997138977,1.822100043296814,58.33000183105469,13.687000274658203
2017-10-25,1.7347999811172485,1.8181999921798706,58.439998626708984,13.738499641418457
2017-10-26,1.750599980354309,1.8418999910354614,59.29999923706055,14.072600364685059
2017-10-27,1.7685999870300293,1.8668999671936035,60.439998626708984,14.237279891967773
2017-10-30,1.7640999555587769,1.8776999711990356,60.900001525878906,14.099519729614258
2017-10-31,1.7796000242233276,1.8845000267028809,61.369998931884766,14.046099662780762
2017-11-01,1.7410000562667847,1.8624999523162842,61.290000915527344,14.11929988861084
2017-11-02,1.769700050354004,1.8538999557495117,60.619998931884766,14.052300453186035
2017-11-03,1.7934000492095947,1.8866000175476074,62.06999969482422,13.972000122070312
2017-11-06,1.8300000429153442,1.942199945449829,64.2699966430664,14.192700386047363
2017-11-07,1.8152999877929688,1.9219000339508057,63.689998626708984,14.10258960723877
2017-11-08,1.8213000297546387,1.9215999841690063,63.4900016784668,14.208600044250488
2017-11-09,1.819700002670288,1.9469000101089478,63.93000030517578,14.147939682006836
2017-11-10,1.812399983406067,1.9349000453948975,63.52000045776367,14.248149871826172
2017-11-13,1.7928999662399292,1.9321000576019287,63.15999984741211,14.381999969482422
2017-11-14,1.761199951171875,1.906999945640564,62.209999084472656,14.457900047302246
2017-11-15,1.738800048828125,1.9086999893188477,61.869998931884766,14.360199928283691
2017-11-16,1.7137000560760498,1.9020999670028687,61.36000061035156,14.360199928283691
2017-11-17,1.7446999549865723,1.9465999603271484,62.720001220703125,14.138299942016602
2017-11-20,1.7438000440597534,1.9321000576019287,62.220001220703125,13.993200302124023
2017-11-21,1.7731000185012817,1.9358999729156494,62.56999969482422,14.035099983215332
2017-11-22,1.767899990081787,1.9326000213623047,63.31999969482422,13.963899612426758
2017-11-23,1.767899990081787,1.9326000213623047,63.31999969482422,13.81779956817627
2017-11-24,1.7879999876022339,1.9529000520706177,63.86000061035156,13.872099876403809
2017-11-27,1.7892999649047852,1.9478000402450562,63.84000015258789,14.049619674682617
2017-11-28,1.7719999551773071,1.950700044631958,63.61000061035156,13.749090194702148
2017-11-29,1.7309000492095947,1.9220999479293823,63.11000061035156,13.663820266723633
2017-11-30,1.7283999919891357,1.892699956893921,63.56999969482422,13.64883041381836
2017-12-01,1.7416000366210938,1.9413000345230103,63.4900016784668,13.712499618530273
2017-12-04,1.692199945449829,1.8945000171661377,62.45000076293945,13.749600410461426
2017-12-05,1.718400001525879,1.9139000177383423,62.86000061035156,13.517499923706055
2017-12-06,1.6608999967575073,1.861299991607666,61.220001220703125,13.447879791259766
2017-12-07,1.7000000476837158,1.8969999551773071,62.20000076293945,13.521599769592285
2017-12-08,1.716599941253662,1.9287999868392944,63.400001525878906,13.719499588012695
2017-12-11,1.7266000509262085,1.950600028038025,64.69000244140625,13.664299964904785
2017-12-12,1.69760000705719,1.9335999488830566,63.34000015258789,13.599599838256836
2017-12-13,1.6467000246047974,1.9043999910354614,62.439998626708984,13.658499717712402
2017-12-14,1.670699954032898,1.9098999500274658,63.310001373291016,13.461199760437012
2017-12-15,1.6548000574111938,1.903499960899353,63.22999954223633,13.487600326538086
2017-12-18,1.6725000143051147,1.9251999855041504,63.40999984741211,13.085399627685547
2017-12-19,1.6965999603271484,1.9399000406265259,63.79999923706055,12.728320121765137
2017-12-20,1.7352999448776245,1.944200038909912,64.55999755859375,12.724069595336914
2017-12-21,1.7475999593734741,1.9501999616622925,64.9000015258789,12.730259895324707
2017-12-22,1.7623000144958496,1.9694000482559204,65.25,12.746000289916992
2017-12-25,1.7623000144958496,1.9694000482559204,65.25,12.592100143432617
2017-12-26,1.7865999937057495,2.0385000705718994,67.0199966430664,12.59160041809082
2017-12-27,1.7914999723434448,2.0401999950408936,66.44000244140625,12.487500190734863
2017-12-28,1.7929999828338623,2.0520999431610107,66.72000122070312,12.252400398254395
2017-12-29,1.7992000579833984,2.075500011444092,66.5999984741211,12.395500183105469
2018-01-01,1.7992000579833984,2.075500011444092,66.5999984741211,12.319990158081055
2018-01-02,1.763100028038025,2.0583999156951904,66.56999969482422,12.38700008392334
2018-01-03,1.7973999977111816,2.0880000591278076,67.83999633789062,12.435620307922363
2018-01-04,1.8066999912261963,2.0769999027252197,68.06999969482422,12.361000061035156
2018-01-05,1.7857999801635742,2.0587000846862793,67.62000274658203,12.287199974060059
2018-01-08,1.7918000221252441,2.0453999042510986,67.77999877929688,12.295539855957031
2018-01-09,1.8361999988555908,2.066200017929077,68.81999969482422,12.372400283813477
2018-01-10,1.8327000141143799,2.080699920654297,69.19999694824219,12.331500053405762
2018-01-11,1.8370000123977661,2.07669997215271,69.26000213623047,12.418999671936035
2018-01-12,1.8494999408721924,2.0850000381469727,69.87000274658203,12.378390312194824
2018-01-15,1.8494999408721924,2.0850000381469727,69.87000274658203,12.368619918823242
2018-01-16,1.8384000062942505,2.0634000301361084,69.1500015258789,12.287300109863281
2018-01-17,1.8583999872207642,2.0690999031066895,69.37999725341797,12.254340171813965
2018-01-18,1.8834999799728394,2.0617001056671143,69.30999755859375,12.305780410766602
2018-01-19,1.8636000156402588,2.0583999156951904,68.61000061035156,12.11400032043457
2018-01-22,1.8801000118255615,2.0569000244140625,69.02999877929688,12.075499534606934
2018-01-23,1.9086999893188477,2.0861001014709473,69.95999908447266,12.042099952697754
2018-01-24,1.9163999557495117,2.106100082397461,70.52999877929688,12.025099754333496
2018-01-25,1.9154000282287598,2.1154000759124756,70.41999816894531,11.873600006103516
2018-01-26,1.9377000331878662,2.135999917984009,70.5199966430664,11.908499717712402
2018-01-29,1.9349000453948975,2.10479998588562,69.45999908447266,11.851900100708008
2018-01-30,1.895400047302246,2.071700096130371,69.0199966430664,11.93649959564209
2018-01-31,1.9075000286102295,2.069200038909912,69.05000305175781,11.961099624633789
2018-02-01,1.895799994468689,2.090399980545044,69.08000183105469,11.838399887084961
2018-02-02,1.871999979019165,2.053499937057495,68.58000183105469,11.836199760437012
2018-02-05,1.84660005569458,2.0195999145507812,67.62000274658203,12.060770034790039
2018-02-06,1.8051999807357788,1.9851000308990479,66.86000061035156,12.104900360107422
2018-02-07,1.7660000324249268,1.9313000440597534,65.51000213623047,11.928799629211426
2018-02-08,1.7649999856948853,1.9213000535964966,64.80999755859375,12.060179710388184
2018-02-09,1.7001999616622925,1.8551000356674194,62.790000915527344,12.144969940185547
2018-02-12,1.6785000562667847,1.8388999700546265,62.59000015258789,12.020520210266113
2018-02-13,1.6852999925613403,1.836899995803833,62.720001220703125,11.8927001953125
2018-02-14,1.7130000591278076,1.8844000101089478,64.36000061035156,11.959199905395508
2018-02-15,1.73580002784729,1.8916000127792358,64.33000183105469,11.716500282287598
2018-02-16,1.7509000301361084,1.9104000329971313,64.83999633789062,11.617600440979004
2018-02-19,1.7509000301361084,1.9104000329971313,64.83999633789062,11.615099906921387
2018-02-20,1.7503000497817993,1.9277000427246094,65.25,11.673179626464844
2018-02-21,1.7573000192642212,1.9322999715805054,65.41999816894531,11.717499732971191
2018-02-22,1.7656999826431274,1.9527000188827515,66.38999938964844,11.661700248718262
2018-02-23,1.808500051498413,1.9694000482559204,67.30999755859375,11.65060043334961
2018-02-26,1.82669997215271,1.9859000444412231,67.5,11.567290306091309
2018-02-27,1.8034000396728516,1.9630000591278076,66.62999725341797,11.563799858093262
2018-02-28,1.757699966430664,1.913599967956543,65.77999877929688,11.699299812316895
2018-03-01,1.896399974822998,1.8854999542236328,65.70999908447266,11.776000022888184
2018-03-02,1.9013999700546265,1.8796000480651855,64.37000274658203,11.845999717712402
2018-03-05,1.9349000453948975,1.8967000246047974,65.54000091552734,11.917449951171875
2018-03-06,1.9330999851226807,1.9033000469207764,65.79000091552734,11.832220077514648
2018-03-07,1.9103000164031982,1.8746000528335571,64.33999633789062,11.844799995422363
2018-03-08,1.8676999807357788,1.8590999841690063,63.61000061035156,11.838390350341797
2018-03-09,1.9042999744415283,1.8866000175476074,65.48999786376953,11.907649993896484
2018-03-12,1.8940000534057617,1.8646999597549438,64.94999694824219,11.810219764709473
2018-03-13,1.886299967765808,1.873900055885315,64.63999938964844,11.809000015258789
2018-03-14,1.924299955368042,1.8870999813079834,64.88999938964844,11.779199600219727
2018-03-15,1.9248000383377075,1.892899990081787,65.12000274658203,11.762700080871582
2018-03-16,1.9458999633789062,1.9118000268936157,66.20999908447266,11.897100448608398
2018-03-19,1.9249000549316406,1.906999945640564,66.05000305175781,11.97677993774414
2018-03-20,1.96589994430542,1.9494999647140503,67.41999816894531,12.008099555969238
2018-03-21,2.012200117111206,2.003700017929077,69.47000122070312,11.949600219726562
2018-03-22,2.0095999240875244,1.992300033569336,68.91000366210938,11.822469711303711
2018-03-23,2.033600091934204,2.018399953842163,70.44999694824219,11.877400398254395
2018-03-26,2.0104000568389893,2.015000104904175,70.12000274658203,11.695500373840332
2018-03-27,2.0134999752044678,2.02239990234375,70.11000061035156,11.63659954071045
2018-03-28,2.0116000175476074,2.0148000717163086,69.52999877929688,11.64468002319336
2018-03-29,2.017899990081787,2.02839994430542,70.2699966430664,11.768199920654297
2018-03-30,2.017899990081787,2.02839994430542,70.2699966430664,11.831080436706543
2018-04-02,1.9660999774932861,1.9802000522613525,67.63999938964844,11.834179878234863
2018-04-03,1.9740999937057495,1.9950000047683716,68.12000274658203,11.851960182189941
2018-04-04,1.9767999649047852,1.9773000478744507,68.0199966430664,11.81659984588623
2018-04-05,1.981600046157837,1.9765000343322754,68.33000183105469,11.862199783325195
2018-04-06,1.954699993133545,1.957800030708313,67.11000061035156,11.988479614257812
2018-04-09,1.9842000007629395,1.9966000318527222,68.6500015258789,12.02455997467041
2018-04-10,2.0408999919891357,2.0648000240325928,71.04000091552734,12.08782958984375
2018-04-11,2.0676000118255615,2.0927000045776367,72.05999755859375,12.02649974822998
2018-04-12,2.0546000003814697,2.0838000774383545,72.0199966430664,11.94320011138916
2018-04-13,2.0653998851776123,2.1001999378204346,72.58000183105469,12.04170036315918
2018-04-16,2.039900064468384,2.0703001022338867,71.41999816894531,12.078510284423828
2018-04-17,2.0411999225616455,2.0571000576019287,71.58000183105469,12.032999992370605
2018-04-18,2.0683000087738037,2.091099977493286,73.4800033569336,11.981200218200684
2018-04-19,2.077399969100952,2.1094000339508057,73.77999877929688,11.924180030822754
2018-04-20,2.095900058746338,2.122999906539917,74.05999755859375,11.966899871826172
2018-04-23,2.123699903488159,2.140899896621704,74.70999908447266,12.091699600219727
2018-04-24,2.094899892807007,2.1275999546051025,73.86000061035156,12.337200164794922
2018-04-25,2.0896999835968018,2.135999917984009,74.0,12.313400268554688
2018-04-26,2.112299919128418,2.1600000858306885,74.73999786376953,12.431099891662598
2018-04-27,2.1268999576568604,2.150899887084961,74.63999938964844,12.37660026550293
2018-04-30,2.129199981689453,2.1673998832702637,75.16999816894531,12.318699836730957
2018-05-01,2.087599992752075,2.0996999740600586,75.16999816894531,12.442970275878906
2018-05-02,2.0797998905181885,2.121500015258789,73.36000061035156,12.660499572753906
2018-05-03,2.0875000953674316,2.1126999855041504,73.62000274658203,12.689800262451172
2018-05-04,2.114000082015991,2.1540000438690186,74.87000274658203,12.587599754333496
2018-05-07,2.134000062942505,2.184999942779541,76.16999816894531,12.497099876403809
2018-05-08,2.1113998889923096,2.1577000617980957,74.8499984741211,12.529970169067383
2018-05-09,2.16729998588562,2.2179999351501465,77.20999908447266,12.577420234680176
2018-05-10,2.188999891281128,2.2228000164031982,77.47000122070312,12.553560256958008
2018-05-11,2.188800096511841,2.2219998836517334,77.12000274658203,12.30681037902832
2018-05-14,2.200200080871582,2.2495999336242676,78.2300033569336,12.245499610900879
2018-05-15,2.2047998905181885,2.249000072479248,78.43000030517578,12.315299987792969
2018-05-16,2.2499001026153564,2.269200086593628,79.27999877929688,12.570489883422852
2018-05-17,2.2430999279022217,2.2808001041412354,79.30000305175781,12.428750038146973
2018-05-18,2.233299970626831,2.265500068664551,78.51000213623047,12.606120109558105
2018-05-21,2.256500005722046,2.2737998962402344,79.22000122070312,12.750699996948242
2018-05-22,2.27020001411438,2.2799999713897705,79.56999969482422,12.66901969909668
2018-05-23,2.2600998878479004,2.289599895477295,79.80000305175781,12.556900024414062
2018-05-24,2.233799934387207,2.266700029373169,78.79000091552734,12.454400062561035
2018-05-25,2.1814000606536865,2.2098000049591064,76.44000244140625,12.415399551391602
2018-05-28,2.1814000606536865,2.2098000049591064,76.44000244140625,12.474499702453613
2018-05-29,2.1440999507904053,2.1858999729156494,75.38999938964844,12.451760292053223
2018-05-30,2.1842000484466553,2.2316999435424805,77.5,12.68988037109375
2018-05-31,2.1603000164031982,2.1914000511169434,77.58999633789062,12.517900466918945
2018-06-01,2.143399953842163,2.176300048828125,77.58999633789062,12.700719833374023
2018-06-04,2.1224000453948975,2.1524999141693115,75.29000091552734,12.668100357055664
2018-06-05,2.1061999797821045,2.1415998935699463,75.37999725341797,12.567350387573242
2018-06-06,2.069999933242798,2.1266000270843506,75.36000061035156,12.747320175170898
2018-06-07,2.114799976348877,2.1798999309539795,77.31999969482422,12.700599670410156
2018-06-08,2.115299940109253,2.164299964904785,76.45999908447266,12.965499877929688
2018-06-11,2.1048998832702637,2.1607000827789307,76.45999908447266,13.056400299072266
2018-06-12,2.089900016784668,2.161799907684326,75.87999725341797,13.146100044250488
2018-06-13,2.125200033187866,2.1851000785827637,76.73999786376953,13.292900085449219
2018-06-14,2.0910000801086426,2.1586999893188477,75.94000244140625,13.307330131530762
2018-06-15,2.023200035095215,2.0869998931884766,73.44000244140625,13.437100410461426
2018-06-18,2.0546000003814697,2.1315999031066895,75.33999633789062,13.413599967956543
2018-06-19,2.037899971008301,2.121799945831299,75.08000183105469,13.648799896240234
2018-06-20,2.0234999656677246,2.107100009918213,74.73999786376953,13.734310150146484
2018-06-21,2.0123000144958496,2.0701000690460205,73.05000305175781,13.656339645385742
2018-06-22,2.070499897003174,2.1254000663757324,75.55000305175781,13.581979751586914
2018-06-25,2.051500082015991,2.100399971008301,74.7300033569336,13.404580116271973
2018-06-26,2.0745999813079834,2.128999948501587,76.30999755859375,13.511199951171875
2018-06-27,2.1335999965667725,2.1772000789642334,77.62000274658203,13.515700340270996
2018-06-28,2.1328999996185303,2.1782000064849854,77.8499984741211,13.849200248718262
2018-06-29,2.1791000366210938,2.2093000411987305,79.44000244140625,13.76710033416748
2018-07-02,2.10479998588562,2.1558001041412354,77.30000305175781,13.709099769592285
2018-07-03,2.1175999641418457,2.1642000675201416,77.76000213623047,13.827500343322754
2018-07-04,2.1175999641418457,2.1642000675201416,77.76000213623047,13.677379608154297
2018-07-05,2.129300117492676,2.1786999702453613,77.38999938964844,13.668899536132812
2018-07-06,2.1085000038146973,2.1684000492095947,77.11000061035156,13.531100273132324
2018-07-09,2.1484999656677246,2.19569993019104,78.06999969482422,13.446200370788574
2018-07-10,2.1603000164031982,2.2218000888824463,78.86000061035156,13.39780044555664
2018-07-11,2.0613999366760254,2.100800037384033,73.4000015258789,13.36970043182373
2018-07-12,2.071700096130371,2.1231000423431396,74.44999694824219,13.547100067138672
2018-07-13,2.1066999435424805,2.1333999633789062,75.33000183105469,13.304100036621094
2018-07-16,2.00219988822937,2.05430006980896,71.83999633789062,13.250699996948242
2018-07-17,2.026099920272827,2.0701000690460205,72.16000366210938,13.211580276489258
2018-07-18,2.0443999767303467,2.0903000831604004,72.9000015258789,13.269800186157227
2018-07-19,2.0434999465942383,2.090100049972534,72.58000183105469,13.267849922180176
2018-07-20,2.069000005722046,2.1043999195098877,73.06999969482422,13.53617000579834
2018-07-23,2.091399908065796,2.118000030517578,73.05999755859375,13.382800102233887
2018-07-24,2.095599889755249,2.1326000690460205,73.44000244140625,13.448399543762207
2018-07-25,2.1231000423431396,2.15120005607605,73.93000030517578,13.268500328063965
2018-07-26,2.1623001098632812,2.1768999099731445,74.54000091552734,13.09749984741211
2018-07-27,2.161900043487549,2.1552000045776367,74.29000091552734,13.23270034790039
2018-07-30,2.1603000164031982,2.1710000038146973,74.97000122070312,13.175000190734863
2018-07-31,2.1291000843048096,2.1319000720977783,74.25,13.155269622802734
2018-08-01,2.045099973678589,2.097399950027466,74.25,13.23289966583252
2018-08-02,2.0680999755859375,2.1317999362945557,73.44999694824219,13.214380264282227
2018-08-03,2.065500020980835,2.1268999576568604,73.20999908447266,13.432499885559082
2018-08-06,2.0650999546051025,2.1393001079559326,73.75,13.339079856872559
2018-08-07,2.1040000915527344,2.169100046157837,74.6500015258789,13.430399894714355
2018-08-08,2.0195000171661377,2.1157000064849854,72.27999877929688,13.315799713134766
2018-08-09,1.999899983406067,2.1119000911712646,72.06999969482422,13.393500328063965
2018-08-10,2.0392000675201416,2.139699935913086,72.80999755859375,13.684800148010254
2018-08-13,2.014699935913086,2.13700008392334,72.61000061035156,14.237649917602539
2018-08-14,2.03410005569458,2.128700017929077,72.45999908447266,14.3774995803833
2018-08-15,1.9974000453948975,2.090399980545044,70.76000213623047,14.268199920654297
2018-08-16,1.9874000549316406,2.096400022506714,71.43000030517578,14.591560363769531
2018-08-17,1.9809000492095947,2.0982000827789307,71.83000183105469,14.710800170898438
2018-08-20,2.0151000022888184,2.113800048828125,72.20999908447266,14.742799758911133
2018-08-21,2.017899990081787,2.1236000061035156,72.62999725341797,14.500800132751465
2018-08-22,2.068000078201294,2.168299913406372,74.77999877929688,14.384300231933594
2018-08-23,2.0592000484466553,2.1754000186920166,74.7300033569336,14.159199714660645
2018-08-24,2.077899932861328,2.202199935913086,75.81999969482422,14.383500099182129
2018-08-27,2.089600086212158,2.214900016784668,76.20999908447266,14.241800308227539
2018-08-28,2.078700065612793,2.211400032043457,75.94999694824219,14.159299850463867
2018-08-29,2.1059999465942383,2.2421000003814697,77.13999938964844,14.19279956817627
2018-08-30,2.1435000896453857,2.248300075531006,77.7699966430664,14.337730407714844
2018-08-31,2.143699884414673,2.241300106048584,77.41999816894531,14.698380470275879
2018-09-03,2.143699884414673,2.241300106048584,77.41999816894531,14.715250015258789
2018-09-04,1.9941999912261963,2.254699945449829,78.16999816894531,14.850000381469727
2018-09-05,1.9648000001907349,2.234499931335449,77.2699966430664,15.318699836730957
2018-09-06,1.9509999752044678,2.2091000080108643,76.5,15.401100158691406
2018-09-07,1.9700000286102295,2.2181999683380127,76.83000183105469,15.311599731445312
2018-09-10,1.9592000246047974,2.2177999019622803,77.37000274658203,15.25
2018-09-11,2.01419997215271,2.252000093460083,79.05999755859375,15.188199996948242
2018-09-12,2.0348000526428223,2.257699966430664,79.73999786376953,15.058699607849121
2018-09-13,1.992900013923645,2.2235000133514404,78.18000030517578,14.94260025024414
2018-09-14,1.9701999425888062,2.209199905395508,78.08999633789062,14.76550006866455
2018-09-17,1.9767999649047852,2.206399917602539,78.05000305175781,14.934700012207031
2018-09-18,2.0048999786376953,2.2356998920440674,79.02999877929688,14.967940330505371
2018-09-19,2.020699977874756,2.2465999126434326,79.4000015258789,14.858799934387207
2018-09-20,2.0146000385284424,2.2279999256134033,78.69999694824219,14.637499809265137
2018-09-21,2.0171000957489014,2.2260000705718994,78.80000305175781,14.297900199890137
2018-09-24,2.0546998977661133,2.285900115966797,81.19999694824219,14.340100288391113
2018-09-25,2.067699909210205,2.305299997329712,81.87000274658203,14.355500221252441
2018-09-26,2.058500051498413,2.299799919128418,81.33999633789062,14.330699920654297
2018-09-27,2.08240008354187,2.3231000900268555,81.72000122070312,14.132630348205566
2018-09-28,2.1012001037597656,2.351799964904785,82.72000122070312,14.104299545288086
2018-10-01,2.127500057220459,2.407900094985962,84.9800033569336,14.10159969329834
2018-10-02,2.1268999576568604,2.407599925994873,84.80000305175781,14.20740032196045
2018-10-03,2.1377999782562256,2.4372000694274902,86.29000091552734,14.34846019744873
2018-10-04,2.100399971008301,2.3996999263763428,84.58000183105469,14.629500389099121
2018-10-05,2.0861001014709473,2.3922998905181885,84.16000366210938,14.8302001953125
2018-10-08,2.0936999320983887,2.394200086593628,83.91000366210938,14.811400413513184
2018-10-09,2.077399969100952,2.423799991607666,85.0,14.844799995422363
2018-10-10,2.020400047302246,2.39490008354187,83.08999633789062,14.5649995803833
2018-10-11,1.9327000379562378,2.332200050354004,80.26000213623047,14.754599571228027
2018-10-12,1.9420000314712524,2.3213000297546387,80.43000030517578,14.57960033416748
2018-10-15,1.9443000555038452,2.325700044631958,80.77999877929688,14.527199745178223
2018-10-16,1.9773000478744507,2.3401999473571777,81.41000366210938,14.33240032196045
2018-10-17,1.9186999797821045,2.3111000061035156,80.05000305175781,14.17477035522461
2018-10-18,1.8911000490188599,2.2948999404907227,79.29000091552734,14.240699768066406
2018-10-19,1.9139000177383423,2.302000045776367,79.77999877929688,14.427599906921387
2018-10-22,1.9067000150680542,2.3180999755859375,79.83000183105469,14.413800239562988
2018-10-23,1.8367999792099,2.2483999729156494,76.44000244140625,14.321849822998047
2018-10-24,1.8222999572753906,2.2520999908447266,76.16999816894531,14.218700408935547
2018-10-25,1.8128999471664429,2.27810001373291,76.88999938964844,14.548399925231934
2018-10-26,1.815000057220459,2.302999973297119,77.62000274658203,14.605859756469727
2018-10-29,1.8249000310897827,2.2843000888824463,77.33999633789062,14.562999725341797
2018-10-30,1.805899977684021,2.2597999572753906,75.91000366210938,14.697400093078613
2018-10-31,1.7680000066757202,2.2618000507354736,75.47000122070312,14.595000267028809
2018-11-01,1.7165000438690186,2.2007999420166016,75.5,14.755000114440918
2018-11-02,1.708299994468689,2.172800064086914,72.83000183105469,14.398300170898438
2018-11-05,1.6919000148773193,2.1963000297546387,73.16999816894531,14.261300086975098
2018-11-06,1.694000005722046,2.1882998943328857,72.12999725341797,14.138799667358398
2018-11-07,1.6474000215530396,2.2370998859405518,72.06999969482422,14.097399711608887
2018-11-08,1.6442999839782715,2.168299913406372,70.6500015258789,13.910599708557129
2018-11-09,1.621399998664856,2.172800064086914,70.18000030517578,14.115839958190918
2018-11-12,1.6367000341415405,2.155600070953369,70.12000274658203,14.33489990234375
2018-11-13,1.5427000522613525,2.0625,65.47000122070312,14.452699661254883
2018-11-14,1.5606000423431396,2.095900058746338,66.12000274658203,14.422200202941895
2018-11-15,1.5565999746322632,2.0741000175476074,66.62000274658203,14.357789993286133
2018-11-16,1.5770000219345093,2.073699951171875,66.76000213623047,14.189900398254395
2018-11-19,1.582900047302246,2.086400032043457,66.79000091552734,13.971799850463867
2018-11-20,1.49590003490448,1.9902000427246094,62.529998779296875,14.014679908752441
2018-11-21,1.510699987411499,1.9701999425888062,63.47999954223633,14.091400146484375
2018-11-22,1.510699987411499,1.9701999425888062,63.47999954223633,13.924400329589844
2018-11-23,1.3912999629974365,1.8761999607086182,58.79999923706055,13.731200218200684
2018-11-26,1.4426000118255615,1.8930000066757202,60.47999954223633,13.845319747924805
2018-11-27,1.420799970626831,1.8860000371932983,60.209999084472656,13.905500411987305
2018-11-28,1.3978999853134155,1.8384000062942505,58.7599983215332,13.90880012512207
2018-11-29,1.454699993133545,1.8436000347137451,59.5099983215332,13.766200065612793
2018-11-30,1.4413000345230103,1.8454999923706055,58.709999084472656,13.65310001373291
2018-12-03,1.431399941444397,1.8875000476837158,61.689998626708984,13.71720027923584
2018-12-04,1.4434000253677368,1.9009000062942505,62.08000183105469,13.683799743652344
2018-12-05,1.4434000253677368,1.9009000062942505,62.08000183105469,13.824600219726562
2018-12-06,1.43340003490448,1.858199954032898,60.060001373291016,13.831199645996094
2018-12-07,1.48580002784729,1.886199951171875,61.66999816894531,14.038900375366211
2018-12-10,1.4189000129699707,1.844099998474121,59.970001220703125,14.176300048828125
2018-12-11,1.4398000240325928,1.847100019454956,60.20000076293945,14.35159969329834
2018-12-12,1.4204000234603882,1.8509000539779663,60.150001525878906,14.317500114440918
2018-12-13,1.4781999588012695,1.8765000104904175,61.45000076293945,14.095999717712402
2018-12-14,1.4342999458312988,1.8452999591827393,60.279998779296875,14.172900199890137
2018-12-17,1.4104000329971313,1.82669997215271,59.61000061035156,14.375100135803223
2018-12-18,1.3504999876022339,1.7539000511169434,56.2599983215332,14.380000114440918
2018-12-19,1.386299967765808,1.805400013923645,57.2400016784668,14.333049774169922
2018-12-20,1.3223999738693237,1.7496999502182007,54.349998474121094,14.361900329589844
2018-12-21,1.3183000087738037,1.732699990272522,53.81999969482422,14.37975025177002
2018-12-24,1.2488000392913818,1.6621999740600586,50.470001220703125,14.6318998336792
2018-12-25,1.2488000392913818,1.6621999740600586,50.470001220703125,14.509499549865723
2018-12-26,1.330399990081787,1.7336000204086304,54.470001220703125,14.581000328063965
2018-12-27,1.3040000200271606,1.6783000230789185,52.15999984741211,14.499799728393555
2018-12-28,1.326200008392334,1.6647000312805176,52.20000076293945,14.493200302124023
2018-12-31,1.323699951171875,1.680799961090088,53.79999923706055,14.415300369262695
2019-01-01,1.323699951171875,1.680799961090088,53.79999923706055,14.125800132751465
2019-01-02,1.325600028038025,1.700600028038025,54.90999984741211,14.387649536132812
2019-01-03,1.3494999408721924,1.7419999837875366,55.95000076293945,14.558300018310547
2019-01-04,1.3478000164031982,1.7691999673843384,57.060001373291016,14.309000015258789
2019-01-07,1.3408000469207764,1.77839994430542,57.33000183105469,13.98069953918457
2019-01-08,1.3625999689102173,1.8270000219345093,58.720001220703125,13.860699653625488
2019-01-09,1.4254000186920166,1.8808000087738037,61.439998626708984,13.94629955291748
2019-01-10,1.4306999444961548,1.9061000347137451,61.68000030517578,13.843899726867676
2019-01-11,1.4006999731063843,1.879699945449829,60.47999954223633,13.854559898376465
2019-01-14,1.363800048828125,1.8524999618530273,58.9900016784668,13.85669994354248
2019-01-15,1.4113999605178833,1.8722000122070312,60.63999938964844,13.762700080871582
2019-01-16,1.4158999919891357,1.8946000337600708,61.31999969482422,13.720199584960938
2019-01-17,1.4299999475479126,1.8842999935150146,61.18000030517578,13.678999900817871
2019-01-18,1.4528000354766846,1.9160000085830688,62.70000076293945,13.710399627685547
2019-01-21,1.4528000354766846,1.9160000085830688,62.70000076293945,13.819000244140625
2019-01-22,1.4014999866485596,1.9011000394821167,61.5,13.809800148010254
2019-01-23,1.385699987411499,1.8885999917984009,61.13999938964844,13.954400062561035
2019-01-24,1.3875999450683594,1.885599970817566,61.09000015258789,13.807700157165527
2019-01-25,1.3894000053405762,1.8918999433517456,61.63999938964844,13.708100318908691
2019-01-28,1.3330999612808228,1.8377000093460083,59.93000030517578,13.603639602661133
2019-01-29,1.3509000539779663,1.8975000381469727,61.31999969482422,13.65725040435791
2019-01-30,1.3823000192642212,1.8983999490737915,61.650001525878906,13.607999801635742
2019-01-31,1.3626999855041504,1.8788000345230103,61.88999938964844,13.327899932861328
2019-02-01,1.436900019645691,1.9127000570297241,61.869998931884766,13.248800277709961
2019-02-04,1.4322999715805054,1.9074000120162964,62.5099983215332,13.315299987792969
2019-02-05,1.4258999824523926,1.8975000381469727,61.97999954223633,13.410200119018555
2019-02-06,1.4591000080108643,1.9121999740600586,62.689998626708984,13.364999771118164
2019-02-07,1.4257999658584595,1.9005000591278076,61.630001068115234,13.528030395507812
2019-02-08,1.4464000463485718,1.9084999561309814,62.099998474121094,13.608599662780762
2019-02-11,1.4191999435424805,1.892199993133545,61.5099983215332,13.607799530029297
2019-02-12,1.4271999597549438,1.9071999788284302,62.41999816894531,13.781700134277344
2019-02-13,1.4651000499725342,1.9387999773025513,63.61000061035156,13.750300407409668
2019-02-14,1.5084999799728394,1.97160005569458,64.56999969482422,14.039520263671875
2019-02-15,1.5729000568389893,2.0202999114990234,66.25,14.114899635314941
2019-02-18,1.5729000568389893,2.0202999114990234,66.25,14.080100059509277
2019-02-19,1.5637999773025513,1.9946000576019287,66.44999694824219,14.074000358581543
2019-02-20,1.598099946975708,2.0183000564575195,67.08000183105469,14.03030014038086
2019-02-21,1.614400029182434,2.03629994392395,67.06999969482422,14.008700370788574
2019-02-22,1.611199975013733,2.031100034713745,67.12000274658203,14.010700225830078
2019-02-25,1.545199990272522,1.9745999574661255,64.76000213623047,13.953969955444336
2019-02-26,1.586300015449524,1.9984999895095825,65.20999908447266,13.816399574279785
2019-02-27,1.6339999437332153,2.0216000080108643,66.38999938964844,13.828049659729004
2019-02-28,1.6292999982833862,2.0234999656677246,66.02999877929688,13.916600227355957
2019-03-01,1.730299949645996,2.000999927520752,65.06999969482422,14.059200286865234
2019-03-04,1.7489999532699585,2.0143001079559326,65.66999816894531,14.173500061035156
2019-03-05,1.7674000263214111,2.016400098800659,65.86000061035156,14.1875
2019-03-06,1.7890000343322754,2.016200065612793,65.98999786376953,14.166099548339844
2019-03-07,1.805400013923645,2.012700080871582,66.30000305175781,14.256099700927734
2019-03-08,1.8016999959945679,1.9997999668121338,65.73999786376953,14.500980377197266
2019-03-11,1.8259999752044678,1.9941999912261963,66.58000183105469,14.411600112915039
2019-03-12,1.815500020980835,1.985700011253357,66.66999816894531,14.29740047454834
2019-03-13,1.8567999601364136,1.9921000003814697,67.55000305175781,14.348799705505371
2019-03-14,1.8494999408721924,1.9848999977111816,67.2300033569336,14.407899856567383
2019-03-15,1.857699990272522,1.9677000045776367,67.16000366210938,14.512399673461914
2019-03-18,1.8827999830245972,1.968999981880188,67.54000091552734,14.421299934387207
2019-03-19,1.8931000232696533,1.990399956703186,67.61000061035156,14.428500175476074
2019-03-20,1.916599988937378,2.0081000328063965,68.5,14.500619888305664
2019-03-21,1.920300006866455,1.9871000051498413,67.86000061035156,14.221699714660645
2019-03-22,1.9258999824523926,1.96589994430542,67.02999877929688,14.199399948120117
2019-03-25,1.9378999471664429,1.9803999662399292,67.20999908447266,14.47130012512207
2019-03-26,1.9557000398635864,1.98989999294281,67.97000122070312,14.300399780273438
2019-03-27,1.8954999446868896,1.9805999994277954,67.83000183105469,14.407099723815918
2019-03-28,1.8798999786376953,1.972000002861023,67.81999969482422,14.599100112915039
2019-03-29,1.8955999612808228,1.9733999967575073,68.38999938964844,14.584600448608398
2019-04-01,1.898900032043457,1.9881000518798828,69.01000213623047,14.327099800109863
2019-04-02,1.9285000562667847,2.0088999271392822,69.37000274658203,14.176799774169922
2019-04-03,1.951200008392334,2.0067999362945557,69.30999755859375,14.20259952545166
2019-04-04,1.9399000406265259,2.013400077819824,69.4000015258789,14.125699996948242
2019-04-05,1.9687000513076782,2.0423998832702637,70.33999633789062,14.104399681091309
2019-04-08,1.9880000352859497,2.0571000576019287,71.0999984741211,14.096199989318848
2019-04-09,1.9989999532699585,2.0448999404907227,70.61000061035156,14.117799758911133
2019-04-10,2.069200038909912,2.087599992752075,71.7300033569336,14.075300216674805
2019-04-11,2.030900001525879,2.067199945449829,70.83000183105469,13.893799781799316
2019-04-12,2.0369999408721924,2.07069993019104,71.55000305175781,14.007800102233887
2019-04-15,2.0118000507354736,2.061000108718872,71.18000030517578,13.952500343322754
2019-04-16,2.0316998958587646,2.082200050354004,71.72000122070312,14.035400390625
2019-04-17,2.041800022125244,2.069200038909912,71.62000274658203,14.018899917602539
2019-04-18,2.072200059890747,2.0708999633789062,71.97000122070312,13.962400436401367
2019-04-19,2.072200059890747,2.0708999633789062,71.97000122070312,14.038900375366211
2019-04-22,2.1298000812530518,2.1040000915527344,74.04000091552734,14.074700355529785
2019-04-23,2.1315999031066895,2.118000030517578,74.51000213623047,14.150099754333496
2019-04-24,2.128499984741211,2.0987000465393066,74.56999969482422,14.253199577331543
2019-04-25,2.1321001052856445,2.098099946975708,74.3499984741211,14.437999725341797
2019-04-26,2.100600004196167,2.0511999130249023,72.1500015258789,14.407500267028809
2019-04-29,2.0827999114990234,2.0548999309539795,72.04000091552734,14.35260009765625
2019-04-30,2.123199939727783,2.081199884414673,72.80000305175781,14.307499885559082
2019-05-01,2.064199924468994,2.0941998958587646,72.18000030517578,14.28909969329834
2019-05-02,2.0183000564575195,2.0778000354766846,70.75,14.435099601745605
2019-05-03,2.0264999866485596,2.070199966430664,70.8499984741211,14.515800476074219
2019-05-06,1.9966000318527222,2.0676000118255615,71.23999786376953,14.45149040222168
2019-05-07,1.948699951171875,2.037600040435791,69.87999725341797,14.452500343322754
2019-05-08,1.975000023841858,2.0562000274658203,70.37000274658203,14.427499771118164
2019-05-09,1.9753999710083008,2.043600082397461,70.38999938964844,14.368300437927246
2019-05-10,1.9890999794006348,2.0504000186920166,70.62000274658203,14.331399917602539
2019-05-13,1.9637000560760498,2.0383999347686768,70.2300033569336,14.19480037689209
2019-05-14,1.976699948310852,2.0589001178741455,71.23999786376953,14.322999954223633
2019-05-15,2.012700080871582,2.0862998962402344,71.7699966430664,14.238800048828125
2019-05-16,2.061800003051758,2.123199939727783,72.62000274658203,14.20460033416748
2019-05-17,2.047300100326538,2.0954999923706055,72.20999908447266,14.280019760131836
2019-05-20,2.0099000930786133,2.0736000537872314,71.97000122070312,14.419899940490723
2019-05-21,2.0192999839782715,2.079400062561035,72.18000030517578,14.373169898986816
2019-05-22,1.9911999702453613,2.049099922180176,70.98999786376953,14.373169898986816
2019-05-23,1.9133000373840332,1.962399959564209,67.76000213623047,14.359700202941895
2019-05-24,1.934499979019165,1.9713000059127808,68.69000244140625,14.486040115356445
2019-05-27,1.934499979019165,1.9713000059127808,68.69000244140625,14.418299674987793
2019-05-28,1.9566999673843384,1.9924999475479126,70.11000061035156,14.427499771118164
2019-05-29,1.945199966430664,1.9674999713897705,69.44999694824219,14.698800086975098
2019-05-30,1.878600001335144,1.9149999618530273,66.87000274658203,14.62909984588623
2019-05-31,1.8020000457763672,1.8417999744415283,64.48999786376953,14.769000053405762
2019-06-03,1.7412999868392944,1.80649995803833,61.279998779296875,14.599699974060059
2019-06-04,1.7242000102996826,1.8214999437332153,61.970001220703125,14.446100234985352
2019-06-05,1.6928000450134277,1.7799999713897705,60.630001068115234,14.627300262451172
2019-06-06,1.7075999975204468,1.7883000373840332,61.66999816894531,14.835200309753418
2019-06-07,1.7388999462127686,1.8248000144958496,63.290000915527344,15.003700256347656
2019-06-10,1.730299949645996,1.8063000440597534,62.290000915527344,14.918499946594238
2019-06-11,1.7562999725341797,1.822100043296814,62.290000915527344,14.807900428771973
2019-06-12,1.6861000061035156,1.7798999547958374,59.970001220703125,14.653200149536133
2019-06-13,1.7199000120162964,1.8065999746322632,61.310001373291016,14.86139965057373
2019-06-14,1.7324999570846558,1.8293999433517456,62.0099983215332,14.856109619140625
2019-06-17,1.6907999515533447,1.7994999885559082,60.939998626708984,14.791000366210938
2019-06-18,1.7214000225067139,1.8278000354766846,62.13999938964844,14.795999526977539
2019-06-19,1.7354999780654907,1.8293999433517456,61.81999969482422,14.510499954223633
2019-06-20,1.7862999439239502,1.8842999935150146,64.44999694824219,14.322199821472168
2019-06-21,1.8560999631881714,1.9157999753952026,65.19999694824219,14.333900451660156
2019-06-24,1.8549000024795532,1.9089000225067139,64.86000061035156,14.314279556274414
2019-06-25,1.8772000074386597,1.9234000444412231,65.05000305175781,14.353400230407715
2019-06-26,1.9703999757766724,1.9713000059127808,66.48999786376953,14.325200080871582
2019-06-27,1.9465999603271484,1.9524999856948853,66.55000305175781,14.220100402832031
2019-06-28,1.9424999952316284,1.944599986076355,66.55000305175781,14.157899856567383
2019-07-01,1.9305000305175781,1.9537999629974365,65.05999755859375,14.07040023803711
2019-07-02,1.870300054550171,1.886299967765808,62.400001525878906,14.129300117492676
2019-07-03,1.916700005531311,1.8986999988555908,63.81999969482422,14.074299812316895
2019-07-04,1.916700005531311,1.8986999988555908,63.81999969482422,14.052900314331055
2019-07-05,1.9294999837875366,1.9049999713897705,64.2300033569336,14.038470268249512
2019-07-08,1.9012999534606934,1.895300030708313,64.11000061035156,14.195199966430664
2019-07-09,1.926900029182434,1.910599946975708,64.16000366210938,14.179499626159668
2019-07-10,2.005199909210205,1.9910000562667847,67.01000213623047,14.180800437927246
2019-07-11,1.9895000457763672,1.978600025177002,66.5199966430664,13.974599838256836
2019-07-12,1.9769999980926514,1.9801000356674194,66.72000122070312,13.95259952545166
2019-07-15,1.930299997329712,1.9515999555587769,66.4800033569336,13.957799911499023
2019-07-16,1.891800045967102,1.9048999547958374,64.3499984741211,13.900639533996582
2019-07-17,1.8787000179290771,1.8926000595092773,63.65999984741211,13.941300392150879
2019-07-18,1.8342000246047974,1.8624999523162842,61.93000030517578,13.996700286865234
2019-07-19,1.840499997138977,1.8896000385284424,62.470001220703125,13.862700462341309
2019-07-22,1.8279000520706177,1.8995000123977661,63.2599983215332,13.912400245666504
2019-07-23,1.8604999780654907,1.9217000007629395,63.83000183105469,13.853099822998047
2019-07-24,1.8551000356674194,1.9086999893188477,63.18000030517578,13.923700332641602
2019-07-25,1.8803000450134277,1.9142999649047852,63.38999938964844,13.866900444030762
2019-07-26,1.874400019645691,1.9043999910354614,63.459999084472656,14.078499794006348
2019-07-29,1.8633999824523926,1.910599946975708,63.709999084472656,14.242300033569336
2019-07-30,1.8969000577926636,1.944000005722046,64.72000122070312,14.162839889526367
2019-07-31,1.9019999504089355,1.9550000429153442,65.16999816894531,14.178790092468262
2019-08-01,1.749899983406067,1.8529000282287598,60.5,14.330599784851074
2019-08-02,1.781499981880188,1.8902000188827515,61.88999938964844,14.6048002243042
2019-08-05,1.718000054359436,1.8356000185012817,59.810001373291016,14.727700233459473
2019-08-06,1.6872999668121338,1.8240000009536743,58.939998626708984,14.945899963378906
2019-08-07,1.620300054550171,1.7532000541687012,56.22999954223633,14.927200317382812
2019-08-08,1.6456999778747559,1.7766000032424927,57.380001068115234,15.048500061035156
2019-08-09,1.6740000247955322,1.8079999685287476,58.529998779296875,15.038700103759766
2019-08-12,1.6651999950408936,1.805799961090088,58.56999969482422,15.274999618530273
2019-08-13,1.7364000082015991,1.8773000240325928,61.29999923706055,15.287199974060059
2019-08-14,1.6757999658584595,1.8437000513076782,59.47999954223633,15.132699966430664
2019-08-15,1.6363999843597412,1.8107000589370728,58.22999954223633,15.405200004577637
2019-08-16,1.6568000316619873,1.8128000497817993,58.63999938964844,15.24590015411377
2019-08-19,1.6643999814987183,1.8330999612808228,59.7400016784668,15.285300254821777
2019-08-20,1.6811000108718872,1.8543000221252441,60.029998779296875,15.447199821472168
2019-08-21,1.6937999725341797,1.857300043106079,60.29999923706055,15.348699569702148
2019-08-22,1.6675000190734863,1.8413000106811523,59.91999816894531,15.183899879455566
2019-08-23,1.642799973487854,1.815600037574768,59.34000015258789,15.214300155639648
2019-08-26,1.6165000200271606,1.7924000024795532,58.70000076293945,15.34611988067627
2019-08-27,1.649899959564209,1.8158999681472778,59.5099983215332,15.268099784851074
2019-08-28,1.6823999881744385,1.8509999513626099,60.4900016784668,15.319700241088867
2019-08-29,1.6847000122070312,1.8639999628067017,61.08000183105469,15.396599769592285
2019-08-30,1.6133999824523926,1.8281999826431274,60.43000030517578,15.311699867248535
2019-09-02,1.6133999824523926,1.8281999826431274,60.43000030517578,15.22029972076416
2019-09-03,1.4704999923706055,1.8033000230789185,58.2599983215332,15.234199523925781
2019-09-04,1.5328999757766724,1.8802000284194946,60.70000076293945,15.101499557495117
2019-09-05,1.5460000038146973,1.8884999752044678,60.95000076293945,14.794300079345703
2019-09-06,1.5742000341415405,1.9003000259399414,61.540000915527344,14.863800048828125
2019-09-09,1.5845999717712402,1.9277000427246094,62.59000015258789,14.789600372314453
2019-09-10,1.5908000469207764,1.9312000274658203,62.380001068115234,14.758000373840332
2019-09-11,1.5699000358581543,1.9032000303268433,60.810001373291016,14.655099868774414
2019-09-12,1.5529999732971191,1.88510000705719,60.380001068115234,14.67609977722168
2019-09-13,1.5530999898910522,1.8777999877929688,60.220001220703125,14.587699890136719
2019-09-16,1.7524000406265259,2.0838000774383545,69.0199966430664,14.622099876403809
2019-09-17,1.6750999689102173,1.9895999431610107,64.55000305175781,14.654199600219727
2019-09-18,1.6576999425888062,1.9732999801635742,63.599998474121094,14.692500114440918
2019-09-19,1.700700044631958,2.0048999786376953,64.4000015258789,14.67650032043457
2019-09-20,1.6784000396728516,1.986299991607666,64.27999877929688,14.802399635314941
2019-09-23,1.6837999820709229,1.996999979019165,64.7699966430664,14.906399726867676
2019-09-24,1.6542999744415283,1.9675999879837036,63.099998474121094,14.881799697875977
2019-09-25,1.6252000331878662,1.9538999795913696,62.38999938964844,14.851699829101562
2019-09-26,1.6612000465393066,1.9551000595092773,62.7400016784668,14.9822998046875
2019-09-27,1.6513999700546265,1.94159996509552,61.90999984741211,15.018099784851074
2019-09-30,1.6049000024795532,1.9055999517440796,60.779998779296875,15.121700286865234
2019-10-01,1.573699951171875,1.8984999656677246,58.88999938964844,15.136980056762695
2019-10-02,1.5455000400543213,1.8730000257492065,57.689998626708984,15.32229995727539
2019-10-03,1.555899977684021,1.8760000467300415,57.709999084472656,15.266900062561035
2019-10-04,1.5734000205993652,1.8945000171661377,58.369998931884766,15.120400428771973
2019-10-07,1.5693999528884888,1.9033000469207764,58.349998474121094,15.067000389099121
2019-10-08,1.580899953842163,1.910099983215332,58.2400016784668,15.1673002243042
2019-10-09,1.5871000289916992,1.9192999601364136,58.31999969482422,15.273650169372559
2019-10-10,1.6232999563217163,1.920799970626831,59.099998474121094,15.201299667358398
2019-10-11,1.638800024986267,1.9575999975204468,60.5099983215332,15.016400337219238
2019-10-14,1.6131999492645264,1.9150999784469604,59.349998474121094,14.772899627685547
2019-10-15,1.614400029182434,1.909999966621399,58.7400016784668,14.804100036621094
2019-10-16,1.6247999668121338,1.9426000118255615,59.41999816894531,14.868900299072266
2019-10-17,1.622499942779541,1.948099970817566,59.90999984741211,14.928899765014648
2019-10-18,1.6230000257492065,1.947100043296814,59.41999816894531,14.818900108337402
2019-10-21,1.607200026512146,1.940600037574768,58.959999084472656,14.752300262451172
2019-10-22,1.6088999509811401,1.9436999559402466,59.70000076293945,14.754500389099121
2019-10-23,1.651900053024292,1.9643000364303589,61.16999816894531,14.577799797058105
2019-10-24,1.6632000207901,1.986299991607666,61.66999816894531,14.639189720153809
2019-10-25,1.6729999780654907,1.979599952697754,62.02000045776367,14.67650032043457
2019-10-28,1.6727999448776245,1.9617999792099,61.56999969482422,14.619799613952637
2019-10-29,1.6857000589370728,1.9563000202178955,61.59000015258789,14.565099716186523
2019-10-30,1.6644999980926514,1.913599967956543,60.61000061035156,14.619999885559082
2019-10-31,1.6311999559402466,1.878000020980835,60.22999954223633,14.970999717712402
2019-11-01,1.6556999683380127,1.9330999851226807,61.689998626708984,15.093400001525879
2019-11-04,1.663699984550476,1.940500020980835,62.130001068115234,14.840399742126465
2019-11-05,1.6746000051498413,1.9565999507904053,62.959999084472656,14.768799781799316
2019-11-06,1.6261999607086182,1.9278000593185425,61.7400016784668,14.746800422668457
2019-11-07,1.6354999542236328,1.920300006866455,62.290000915527344,14.804900169372559
2019-11-08,1.6337000131607056,1.9180999994277954,62.5099983215332,14.71500015258789
2019-11-11,1.6098999977111816,1.914199948310852,62.18000030517578,14.853460311889648
2019-11-12,1.614400029182434,1.8976000547409058,62.060001373291016,14.882499694824219
2019-11-13,1.6365000009536743,1.912500023841858,62.369998931884766,14.926300048828125
2019-11-14,1.6158000230789185,1.9178999662399292,62.279998779296875,14.898500442504883
2019-11-15,1.6349999904632568,1.9479999542236328,63.29999923706055,14.820050239562988
2019-11-18,1.621000051498413,1.9047000408172607,62.439998626708984,14.707209587097168
2019-11-19,1.603700041770935,1.8573999404907227,60.90999984741211,14.80739974975586
2019-11-20,1.6562999486923218,1.8920999765396118,62.400001525878906,14.755999565124512
2019-11-21,1.7043999433517456,1.944700002670288,63.970001220703125,14.782999992370605
2019-11-22,1.674299955368042,1.9293999671936035,63.38999938964844,14.673100471496582
2019-11-25,1.6748000383377075,1.9443000555038452,63.650001525878906,14.699399948120117
2019-11-26,1.704699993133545,1.9606000185012817,64.2699966430664,14.75730037689209
2019-11-27,1.6792000532150269,1.9464999437332153,64.05999755859375,14.779199600219727
2019-11-28,1.6792000532150269,1.9464999437332153,64.05999755859375,14.759400367736816
2019-11-29,1.597000002861023,1.8789000511169434,62.43000030517578,14.700699806213379
2019-12-02,1.5733000040054321,1.8860000371932983,60.91999816894531,14.648770332336426
2019-12-03,1.5628999471664429,1.8798999786376953,60.81999969482422,14.546090126037598
2019-12-04,1.604200005531311,1.9228999614715576,63.0,14.632599830627441
2019-12-05,1.6210999488830566,1.9329999685287476,63.38999938964844,14.580300331115723
2019-12-06,1.6474000215530396,1.9521000385284424,64.38999938964844,14.624899864196777
2019-12-09,1.6548000574111938,1.944200038909912,64.25,14.611289978027344
2019-12-10,1.652500033378601,1.965499997138977,64.33999633789062,14.66670036315918
2019-12-11,1.626099944114685,1.9287999868392944,63.720001220703125,14.774069786071777
2019-12-12,1.6282999515533447,1.9507999420166016,64.19999694824219,14.676199913024902
2019-12-13,1.6632000207901,1.9864000082015991,65.22000122070312,14.412699699401855
2019-12-16,1.6627000570297241,2.004499912261963,65.33999633789062,14.523099899291992
2019-12-17,1.6857000589370728,2.033400058746338,66.0999984741211,14.378339767456055
2019-12-18,1.6837999820709229,2.0202999114990234,66.16999816894531,14.387330055236816
2019-12-19,1.7067999839782715,2.0295000076293945,66.54000091552734,14.294989585876465
2019-12-20,1.7058000564575195,2.0218000411987305,66.13999938964844,14.213899612426758
2019-12-23,1.7051000595092773,2.022200107574463,66.38999938964844,14.261500358581543
2019-12-24,1.7269999980926514,2.03629994392395,67.19999694824219,14.19909954071045
2019-12-25,1.7269999980926514,2.03629994392395,67.19999694824219,14.149510383605957
2019-12-26,1.7537000179290771,2.0520999431610107,67.91999816894531,14.150850296020508
2019-12-27,1.7473000288009644,2.0495998859405518,68.16000366210938,14.131170272827148
2019-12-30,1.7282999753952026,2.040600061416626,68.44000244140625,14.05088996887207
2019-12-31,1.6978000402450562,2.0283000469207764,66.0,14.098589897155762
2020-01-01,1.6978000402450562,2.0283000469207764,66.0,13.99590015411377
2020-01-02,1.704200029373169,2.0241000652313232,66.25,14.002920150756836
2020-01-03,1.7488000392913818,2.0613999366760254,68.5999984741211,14.07800006866455
2020-01-06,1.7544000148773193,2.033900022506714,68.91000366210938,14.318249702453613
2020-01-07,1.7222000360488892,2.032399892807007,68.2699966430664,14.202699661254883
2020-01-08,1.648800015449524,1.9581999778747559,65.44000244140625,14.355199813842773
2020-01-09,1.6526999473571777,1.9500999450683594,65.37000274658203,14.156490325927734
2020-01-10,1.659600019454956,1.9284000396728516,64.9800033569336,14.212900161743164
2020-01-13,1.6572999954223633,1.8980000019073486,64.19999694824219,14.33014965057373
2020-01-14,1.6543999910354614,1.9103000164031982,64.48999786376953,14.378399848937988
2020-01-15,1.6368000507354736,1.8779000043869019,64.0,14.3996000289917
2020-01-16,1.6548000574111938,1.8600000143051147,64.62000274658203,14.378700256347656
2020-01-17,1.6405999660491943,1.8592000007629395,64.8499984741211,14.401769638061523
2020-01-20,1.6405999660491943,1.8592000007629395,64.8499984741211,14.477490425109863
2020-01-21,1.6365000009536743,1.829200029373169,64.58999633789062,14.491800308227539
2020-01-22,1.5795999765396118,1.8001999855041504,63.209999084472656,14.481900215148926
2020-01-23,1.5601999759674072,1.791599988937378,62.040000915527344,14.329000473022461
2020-01-24,1.5152000188827515,1.7339999675750732,60.689998626708984,14.36769962310791
2020-01-27,1.4839999675750732,1.6794999837875366,59.31999969482422,14.449359893798828
2020-01-28,1.5032000541687012,1.71589994430542,59.5099983215332,14.580300331115723
2020-01-29,1.5307999849319458,1.7035000324249268,59.810001373291016,14.542799949645996
2020-01-30,1.4937000274658203,1.6396000385284424,58.290000915527344,14.591699600219727
2020-01-31,1.488700032234192,1.624500036239624,58.15999984741211,14.74020004272461
2020-02-03,1.4737000465393066,1.5779000520706177,54.45000076293945,14.99740982055664
2020-02-04,1.4431999921798706,1.583899974822998,53.959999084472656,14.866399765014648
2020-02-05,1.486299991607666,1.645400047302246,55.279998779296875,14.76749038696289
2020-02-06,1.4980000257492065,1.6654000282287598,54.93000030517578,14.741999626159668
2020-02-07,1.523900032043457,1.6433000564575195,54.470001220703125,14.903329849243164
2020-02-10,1.521299958229065,1.6124999523162842,53.27000045776367,15.071000099182129
2020-02-11,1.51419997215271,1.6267000436782837,54.0099983215332,14.953499794006348
2020-02-12,1.5809999704360962,1.6756999492645264,55.790000915527344,14.791600227355957
2020-02-13,1.580199956893921,1.6805000305175781,56.34000015258789,14.865500450134277
2020-02-14,1.583299994468689,1.698199987411499,57.31999969482422,14.904959678649902
2020-02-17,1.583299994468689,1.698199987411499,57.31999969482422,14.881400108337402
2020-02-18,1.614799976348877,1.6723999977111816,57.75,14.975700378417969
2020-02-19,1.6633000373840332,1.7067999839782715,59.119998931884766,15.00160026550293
2020-02-20,1.669700026512146,1.69760000705719,59.310001373291016,14.9822998046875
2020-02-21,1.6505999565124512,1.6865999698638916,58.5,15.113900184631348
2020-02-24,1.6090999841690063,1.6131999492645264,56.29999923706055,15.059989929199219
2020-02-25,1.5324000120162964,1.56850004196167,54.95000076293945,15.11340045928955
2020-02-26,1.4549000263214111,1.499400019645691,53.43000030517578,15.214980125427246
2020-02-27,1.410599946975708,1.4891999959945679,52.18000030517578,15.270000457763672
2020-02-28,1.3954999446868896,1.4905999898910522,50.52000045776367,15.470000267028809
2020-03-02,1.5396000146865845,1.5286999940872192,51.900001525878906,15.758399963378906
2020-03-03,1.5312999486923218,1.5329999923706055,51.86000061035156,15.39490032196045
2020-03-04,1.5555000305175781,1.5332000255584717,51.130001068115234,15.399399757385254
2020-03-05,1.5218000411987305,1.4884999990463257,49.9900016784668,15.254500389099121
2020-03-06,1.3890000581741333,1.385200023651123,45.27000045776367,15.586000442504883
2020-03-09,1.1368999481201172,1.1628999710083008,34.36000061035156,16.064929962158203
2020-03-10,1.157099962234497,1.249899983406067,37.220001220703125,16.051010131835938
2020-03-11,1.1102999448776245,1.2380000352859497,35.790000915527344,15.945699691772461
2020-03-12,0.8974999785423279,1.1598000526428223,33.220001220703125,16.24839973449707
2020-03-13,0.8992000222206116,1.1374000310897827,33.849998474121094,16.561800003051758
2020-03-16,0.6898999810218811,1.0465999841690063,30.049999237060547,16.247159957885742
2020-03-17,0.7113999724388123,1.0356999635696411,28.729999542236328,16.598499298095703
2020-03-18,0.6377000212669373,0.954200029373169,24.8799991607666,16.52429962158203
2020-03-19,0.6850000023841858,1.041700005531311,28.469999313354492,17.092529296875
2020-03-20,0.605400025844574,1.0062999725341797,26.979999542236328,17.341989517211914
2020-03-23,0.41179999709129333,1.0161000490188599,27.030000686645508,17.672449111938477
2020-03-24,0.44369998574256897,1.080299973487854,27.149999618530273,17.755199432373047
2020-03-25,0.5468000173568726,1.0978000164031982,27.389999389648438,17.495100021362305
2020-03-26,0.5437999963760376,1.0503000020980835,26.34000015258789,17.276399612426758
2020-03-27,0.5737000107765198,1.06850004196167,24.93000030517578,17.299400329589844
2020-03-30,0.5855000019073486,1.0194000005722046,22.760000228881836,17.901840209960938
2020-03-31,0.573199987411499,1.0120999813079834,22.739999771118164,17.920900344848633
2020-04-01,0.546500027179718,0.9322999715805054,24.739999771118164,17.742300033569336
2020-04-02,0.6628000140190125,0.9951000213623047,29.940000534057617,18.1294002532959
2020-04-03,0.6916000247001648,1.0706000328063965,34.11000061035156,18.471900939941406
2020-04-06,0.7016000151634216,1.045699954032898,33.04999923706055,19.248600006103516
2020-04-07,0.6481999754905701,1.027500033378601,31.8700008392334,18.58686065673828
2020-04-08,0.6779999732971191,1.010699987411499,32.84000015258789,18.23189926147461
2020-04-09,0.677299976348877,0.972599983215332,31.479999542236328,18.20050048828125
2020-04-10,0.677299976348877,0.972599983215332,31.479999542236328,18.031099319458008
2020-04-13,0.7032999992370605,0.9945999979972839,31.739999771118164,18.027040481567383
2020-04-14,0.7200000286102295,0.9441999793052673,29.600000381469727,18.096799850463867
2020-04-15,0.7203999757766724,0.9138000011444092,27.690000534057617,18.290300369262695
2020-04-16,0.7050999999046326,0.9463000297546387,27.81999969482422,18.656200408935547
2020-04-17,0.7106999754905701,0.9563000202178955,28.079999923706055,18.662059783935547
2020-04-20,0.6682999730110168,0.8877999782562256,25.56999969482422,18.798799514770508
2020-04-21,0.5102999806404114,0.7268999814987183,19.329999923706055,18.77429962158203
2020-04-22,0.6384000182151794,0.7311000227928162,20.3700008392334,18.956199645996094
2020-04-23,0.6435999870300293,0.734499990940094,21.329999923706055,18.984609603881836
2020-04-24,0.6611999869346619,0.6467000246047974,21.440000534057617,19.1018009185791
2020-04-27,0.6482999920845032,0.6104000210762024,19.989999771118164,19.020299911499023
2020-04-28,0.6672000288963318,0.6308000087738037,20.459999084472656,18.801469802856445
2020-04-29,0.7271999716758728,0.6945000290870667,22.540000915527344,18.58839988708496
2020-04-30,0.6977999806404114,0.7318999767303467,25.270000457763672,18.144899368286133
2020-05-01,0.7663000226020813,0.7961000204086304,26.440000534057617,18.534469604492188
2020-05-04,0.8215000033378601,0.8030999898910522,27.200000762939453,18.914209365844727
2020-05-05,0.9013000130653381,0.8960000276565552,30.969999313354492,18.454500198364258
2020-05-06,0.8769000172615051,0.8240000009536743,29.719999313354492,18.472200393676758
2020-05-07,0.9314000010490417,0.8371000289916992,29.459999084472656,18.811880111694336
2020-05-08,0.9521999955177307,0.8992999792098999,30.969999313354492,18.521900177001953
2020-05-11,0.9241999983787537,0.8687000274658203,29.6299991607666,18.320199966430664
2020-05-12,0.9185000061988831,0.8384000062942505,29.979999542236328,18.40180015563965
2020-05-13,0.8526999950408936,0.8313999772071838,29.190000534057617,18.406700134277344
2020-05-14,0.9144999980926514,0.8948000073432922,31.1299991607666,18.467500686645508
2020-05-15,0.9702000021934509,0.9204000234603882,32.5,18.42300033569336
2020-05-18,1.0257999897003174,1.0063999891281128,34.810001373291016,18.567100524902344
2020-05-19,1.045199990272522,0.9735999703407288,34.650001525878906,18.336000442504883
2020-05-20,1.0437999963760376,0.9905999898910522,35.75,18.32270050048828
2020-05-21,1.0450999736785889,0.9890000224113464,36.060001373291016,17.917390823364258
2020-05-22,1.0382000207901,0.9819999933242798,35.130001068115234,17.571300506591797
2020-05-25,1.0382000207901,0.9819999933242798,35.130001068115234,17.557899475097656
2020-05-26,1.0489000082015991,0.9908000230789185,36.16999816894531,17.63520050048828
2020-05-27,0.9933000206947327,0.972100019454956,34.7400016784668,17.380800247192383
2020-05-28,0.9984999895095825,0.925599992275238,35.290000915527344,17.34111976623535
2020-05-29,1.0259000062942505,0.9646999835968018,35.33000183105469,17.4773006439209
2020-06-01,1.0666999816894531,1.0290000438690186,38.31999969482422,17.563499450683594
2020-06-02,1.118299961090088,1.0921000242233276,39.56999969482422,17.38256072998047
2020-06-03,1.1193000078201294,1.0645999908447266,39.790000915527344,17.1514892578125
2020-06-04,1.1490000486373901,1.0741000175476074,39.9900016784668,16.89539909362793
2020-06-05,1.2136000394821167,1.1505999565124512,42.29999923706055,16.875200271606445
2020-06-08,1.1950000524520874,1.1212999820709229,40.79999923706055,16.750999450683594
2020-06-09,1.2102999687194824,1.1547000408172607,41.18000030517578,16.65060043334961
2020-06-10,1.2099000215530396,1.1729999780654907,41.72999954223633,16.583599090576172
2020-06-11,1.1188000440597534,1.0880000591278076,38.54999923706055,16.491500854492188
2020-06-12,1.1243000030517578,1.1014000177383423,38.72999954223633,17.1998291015625
2020-06-15,1.1656999588012695,1.1369999647140503,39.720001220703125,17.173349380493164
2020-06-16,1.2072999477386475,1.1821999549865723,40.959999084472656,17.089750289916992
2020-06-17,1.2152999639511108,1.1820000410079956,40.709999084472656,17.166000366210938
2020-06-18,1.257699966430664,1.1986000537872314,41.5099983215332,17.181020736694336
2020-06-19,1.2716000080108643,1.211400032043457,42.189998626708984,17.370399475097656
2020-06-22,1.2913000583648682,1.2186000347137451,43.08000183105469,17.38610076904297
2020-06-23,1.299399971961975,1.2029999494552612,42.630001068115234,17.255800247192383
2020-06-24,1.1964000463485718,1.1507999897003174,40.310001373291016,17.18670082092285
2020-06-25,1.194200038909912,1.1555999517440796,41.04999923706055,17.392499923706055
2020-06-26,1.1533000469207764,1.136299967765808,41.02000045776367,17.127300262451172
2020-06-29,1.1841000318527222,1.1654000282287598,41.709999084472656,17.298900604248047
2020-06-30,1.2000999450683594,1.1780999898910522,41.150001525878906,17.219200134277344
2020-07-01,1.2168999910354614,1.1995999813079834,42.029998779296875,17.341920852661133
2020-07-02,1.2591999769210815,1.2310999631881714,43.13999938964844,17.0393009185791
2020-07-03,1.2591999769210815,1.2310999631881714,43.13999938964844,16.955299377441406
2020-07-06,1.2408000230789185,1.2417000532150269,43.099998474121094,17.041669845581055
2020-07-07,1.274999976158142,1.243299961090088,43.08000183105469,16.979650497436523
2020-07-08,1.2908999919891357,1.2344000339508057,43.290000915527344,17.16214942932129
2020-07-09,1.250499963760376,1.2238999605178833,42.349998474121094,16.90169906616211
2020-07-10,1.2831000089645386,1.2411999702453613,43.2400016784668,16.824970245361328
2020-07-13,1.2733999490737915,1.2235000133514404,42.720001220703125,16.807449340820312
2020-07-14,1.2474000453948975,1.2208000421524048,42.900001525878906,16.78580093383789
2020-07-15,1.2645000219345093,1.2447999715805054,43.790000915527344,16.683500289916992
2020-07-16,1.2338999509811401,1.2279000282287598,43.369998931884766,16.572799682617188
2020-07-17,1.2244999408721924,1.219099998474121,43.13999938964844,16.72599983215332
2020-07-20,1.2285000085830688,1.2354999780654907,43.279998779296875,16.66029930114746
2020-07-21,1.2797000408172607,1.2799999713897705,44.31999969482422,16.61693000793457
2020-07-22,1.2827999591827393,1.2706999778747559,44.290000915527344,16.383899688720703
2020-07-23,1.2585999965667725,1.25409996509552,43.310001373291016,16.47974967956543
2020-07-24,1.2848000526428223,1.2562999725341797,43.34000015258789,16.634199142456055
2020-07-27,1.2747000455856323,1.25409996509552,43.40999984741211,16.66230010986328
2020-07-28,1.2655999660491943,1.2421000003814697,43.220001220703125,16.388399124145508
2020-07-29,1.2415000200271606,1.2532999515533447,43.75,16.47089958190918
2020-07-30,1.2203999757766724,1.211899995803833,42.939998626708984,16.548179626464844
2020-07-31,1.1871000528335571,1.2171000242233276,43.29999923706055,16.725099563598633
2020-08-03,1.2130999565124512,1.2409000396728516,44.150001525878906,17.022380828857422
2020-08-04,1.2143000364303589,1.2583999633789062,44.43000030517578,17.18600082397461
2020-08-05,1.2228000164031982,1.263100028038025,45.16999816894531,17.35236930847168
2020-08-06,1.2280999422073364,1.249899983406067,45.09000015258789,17.324199676513672
2020-08-07,1.2075999975204468,1.2199000120162964,44.400001525878906,17.417200088500977
2020-08-10,1.2293000221252441,1.236899971961975,44.9900016784668,17.668550491333008
2020-08-11,1.2044999599456787,1.2383999824523926,44.5,17.65690040588379
2020-08-12,1.2438000440597534,1.257200002670288,45.43000030517578,17.491300582885742
2020-08-13,1.2347999811172485,1.2381000518798828,44.959999084472656,17.451099395751953
2020-08-14,1.2446000576019287,1.2367000579833984,44.79999923706055,17.408199310302734
2020-08-17,1.2699999809265137,1.2390999794006348,45.369998931884766,17.362699508666992
2020-08-18,1.2829999923706055,1.2604000568389893,45.459999084472656,17.499500274658203
2020-08-19,1.2905000448226929,1.2510000467300415,45.369998931884766,17.307470321655273
2020-08-20,1.2964999675750732,1.2467000484466553,44.900001525878906,17.250099182128906
2020-08-21,1.28410005569458,1.2079999446868896,44.349998474121094,17.243749618530273
2020-08-24,1.3671000003814697,1.2475999593734741,45.130001068115234,17.140199661254883
2020-08-25,1.395900011062622,1.26010000705719,45.86000061035156,16.9593505859375
2020-08-26,1.3605999946594238,1.2446999549865723,45.63999938964844,16.81631088256836
2020-08-27,1.284500002861023,1.2107000350952148,45.09000015258789,16.853300094604492
2020-08-28,1.315500020980835,1.2161999940872192,45.04999923706055,17.033599853515625
2020-08-31,1.2761000394821167,1.1960999965667725,45.279998779296875,16.570859909057617
2020-09-01,1.2246999740600586,1.2308000326156616,45.58000183105469,16.947219848632812
2020-09-02,1.2020000219345093,1.1885000467300415,44.43000030517578,16.628170013427734
2020-09-03,1.2049000263214111,1.1677000522613525,44.06999969482422,16.805200576782227
2020-09-04,1.1771999597549438,1.1514999866485596,42.65999984741211,16.75079917907715
2020-09-07,1.1771999597549438,1.1514999866485596,42.65999984741211,16.620929718017578
2020-09-08,1.1028000116348267,1.076799988746643,39.779998779296875,16.70159912109375
2020-09-09,1.1193000078201294,1.1060999631881714,40.790000915527344,16.95669937133789
2020-09-10,1.0976999998092651,1.0823999643325806,40.060001373291016,16.58370018005371
2020-09-11,1.0949000120162964,1.0895999670028687,39.83000183105469,16.838300704956055
2020-09-14,1.1067999601364136,1.093400001525879,39.61000061035156,16.702550888061523
2020-09-15,1.138100028038025,1.0993000268936157,40.529998779296875,16.64699935913086
2020-09-16,1.1888999938964844,1.1162999868392944,42.220001220703125,16.411699295043945
2020-09-17,1.2244000434875488,1.1598000526428223,43.29999923706055,16.264699935913086
2020-09-18,1.2366000413894653,1.159000039100647,43.150001525878906,16.13010025024414
2020-09-21,1.1770999431610107,1.107300043106079,41.439998626708984,16.285490036010742
2020-09-22,1.1642999649047852,1.0960999727249146,41.720001220703125,16.759899139404297
2020-09-23,1.1813000440597534,1.1074999570846558,41.77000045776367,16.765430450439453
2020-09-24,1.1957000494003296,1.1167000532150269,41.939998626708984,17.064699172973633
2020-09-25,1.2142000198364258,1.1261999607086182,41.91999816894531,16.900299072265625
2020-09-28,1.2466000318527222,1.1395000219345093,42.43000030517578,17.11050033569336
2020-09-29,1.20169997215271,1.1089999675750732,41.029998779296875,16.996700286865234
2020-09-30,1.2007999420166016,1.145400047302246,40.95000076293945,16.926979064941406
2020-10-01,1.152400016784668,1.125,40.93000030517578,16.73080062866211
2020-10-02,1.1234999895095825,1.0850000381469727,39.27000045776367,16.448999404907227
2020-10-05,1.194100022315979,1.1332999467849731,41.290000915527344,16.458999633789062
2020-10-06,1.2351000308990479,1.188599944114685,42.650001525878906,16.54829978942871
2020-10-07,1.2008999586105347,1.1607999801635742,41.9900016784668,16.68829917907715
2020-10-08,1.231600046157837,1.1922999620437622,43.34000015258789,16.614810943603516
2020-10-09,1.2031999826431274,1.1933000087738037,42.849998474121094,16.575590133666992
2020-10-12,1.1756999492645264,1.157099962234497,41.720001220703125,16.49049949645996
2020-10-13,1.1827000379562378,1.1690000295639038,42.45000076293945,16.49250030517578
2020-10-14,1.197100043296814,1.1924999952316284,43.31999969482422,16.462200164794922
2020-10-15,1.1799999475479126,1.1886999607086182,43.15999984741211,16.529090881347656
2020-10-16,1.1687999963760376,1.1791000366210938,42.93000030517578,16.5625
2020-10-19,1.1622999906539917,1.1581000089645386,42.619998931884766,16.50659942626953
2020-10-20,1.1878999471664429,1.1734999418258667,43.15999984741211,16.51219940185547
2020-10-21,1.1403000354766846,1.1398999691009521,41.72999954223633,16.448610305786133
2020-10-22,1.1581000089645386,1.1606999635696411,42.459999084472656,16.33757972717285
2020-10-23,1.1389000415802002,1.1512999534606934,41.77000045776367,16.178499221801758
2020-10-26,1.1116000413894653,1.1217999458312988,40.459999084472656,16.218610763549805
2020-10-27,1.143399953842163,1.1576999425888062,41.20000076293945,16.17959976196289
2020-10-28,1.0814000368118286,1.1141999959945679,39.119998931884766,16.18600082397461
2020-10-29,1.0514999628067017,1.0884000062942505,37.650001525878906,16.349199295043945
2020-10-30,1.0494999885559082,1.0813000202178955,37.459999084472656,16.358600616455078
2020-11-02,1.0520000457763672,1.1123000383377075,38.970001220703125,16.272850036621094
2020-11-03,1.0769000053405762,1.1270999908447266,39.709999084472656,16.175600051879883
2020-11-04,1.1081000566482544,1.1734999418258667,41.22999954223633,16.009199142456055
2020-11-05,1.1159000396728516,1.169600009918213,40.93000030517578,15.864049911499023
2020-11-06,1.0844000577926636,1.1426000595092773,39.45000076293945,15.67389965057373
2020-11-09,1.1606999635696411,1.2166999578475952,42.400001525878906,15.592000007629395
2020-11-10,1.194100022315979,1.252500057220459,43.61000061035156,15.367199897766113
2020-11-11,1.1758999824523926,1.2458000183105469,43.79999923706055,15.589329719543457
2020-11-12,1.157099962234497,1.233299970626831,43.529998779296875,15.625650405883789
2020-11-13,1.1253999471664429,1.204200029373169,42.779998779296875,15.640299797058105
2020-11-16,1.1468000411987305,1.2288999557495117,43.81999969482422,15.501449584960938
2020-11-17,1.1532000303268433,1.2390999794006348,43.75,15.287090301513672
2020-11-18,1.1628999710083008,1.2640000581741333,44.34000015258789,15.33180046081543
2020-11-19,1.162500023841858,1.2706999778747559,44.20000076293945,15.451740264892578
2020-11-20,1.1751999855041504,1.2862999439239502,44.959999084472656,15.429499626159668
2020-11-23,1.2039999961853027,1.3105000257492065,46.060001373291016,15.425979614257812
2020-11-24,1.2582000494003296,1.3595000505447388,47.86000061035156,15.357999801635742
2020-11-25,1.287500023841858,1.3866000175476074,48.61000061035156,15.177399635314941
2020-11-26,1.287500023841858,1.3866000175476074,48.61000061035156,15.118579864501953
2020-11-27,1.281999945640564,1.3804999589920044,48.18000030517578,15.208999633789062
2020-11-30,1.248900055885315,1.3559000492095947,47.59000015258789,15.235549926757812
2020-12-01,1.2203999757766724,1.3473000526428223,47.41999816894531,15.436300277709961
2020-12-02,1.23989999294281,1.3661999702453613,48.25,15.243249893188477
2020-12-03,1.2617000341415405,1.3933000564575195,48.709999084472656,15.276000022888184
2020-12-04,1.2684999704360962,1.402999997138977,49.25,15.167440414428711
2020-12-07,1.2558000087738037,1.3991999626159668,48.790000915527344,15.206649780273438
2020-12-08,1.2559000253677368,1.4067000150680542,48.84000015258789,15.144920349121094
2020-12-09,1.2759000062942505,1.398900032043457,48.86000061035156,14.970199584960938
2020-12-10,1.31659996509552,1.4357000589370728,50.25,14.962340354919434
2020-12-11,1.3077000379562378,1.436900019645691,49.970001220703125,14.956999778747559
2020-12-14,1.319100022315979,1.4543999433517456,50.290000915527344,15.042400360107422
2020-12-15,1.326799988746643,1.464400053024292,50.7599983215332,15.001999855041504
2020-12-16,1.3529000282287598,1.4779000282287598,51.08000183105469,14.882499694824219
2020-12-17,1.388100028038025,1.4952000379562378,51.5,14.816900253295898
2020-12-18,1.3955999612808228,1.5130000114440918,52.2599983215332,14.629599571228027
2020-12-21,1.3603999614715576,1.4773999452590942,50.90999984741211,14.716429710388184
2020-12-22,1.3394999504089355,1.4615999460220337,50.08000183105469,14.600000381469727
2020-12-23,1.3819999694824219,1.497499942779541,51.20000076293945,14.678070068359375
2020-12-24,1.3789000511169434,1.4900000095367432,51.290000915527344,14.592720031738281
2020-12-25,1.3789000511169434,1.4900000095367432,51.290000915527344,14.535200119018555
2020-12-28,1.3676999807357788,1.4789999723434448,50.86000061035156,14.60990047454834
2020-12-29,1.3878999948501587,1.486799955368042,51.09000015258789,14.622909545898438
2020-12-30,1.4119999408721924,1.489799976348877,51.34000015258789,14.715900421142578
2020-12-31,1.408400058746338,1.4763000011444092,51.79999923706055,14.641300201416016
2021-01-01,1.408400058746338,1.4763000011444092,51.79999923706055,14.481200218200684
2021-01-04,1.3729000091552734,1.4620000123977661,51.09000015258789,14.649849891662598
2021-01-05,1.4521000385284424,1.5189000368118286,53.599998474121094,14.675399780273438
2021-01-06,1.475000023841858,1.5286999940872192,54.29999923706055,14.950300216674805
2021-01-07,1.482699990272522,1.538100004196167,54.380001068115234,15.030790328979492
2021-01-08,1.5422999858856201,1.5794999599456787,55.9900016784668,15.418999671936035
2021-01-11,1.520799994468689,1.5735000371932983,55.65999984741211,15.304450035095215
2021-01-12,1.5529999732971191,1.5966999530792236,56.58000183105469,15.509220123291016
2021-01-13,1.548799991607666,1.5988999605178833,56.060001373291016,15.192299842834473
2021-01-14,1.5539000034332275,1.6194000244140625,56.41999816894531,15.245220184326172
2021-01-15,1.52839994430542,1.592900037765503,55.099998474121094,15.082900047302246
2021-01-18,1.52839994430542,1.592900037765503,55.099998474121094,15.22504997253418
2021-01-19,1.538100004196167,1.5987000465393066,55.900001525878906,15.13640022277832
2021-01-20,1.5439000129699707,1.6003999710083008,56.08000183105469,14.988349914550781
2021-01-21,1.5478999614715576,1.600600004196167,56.099998474121094,14.882539749145508
2021-01-22,1.548699975013733,1.5759999752044678,55.40999984741211,14.945269584655762
2021-01-25,1.5611000061035156,1.5938999652862549,55.880001068115234,15.13325023651123
2021-01-26,1.5807000398635864,1.5983999967575073,55.90999984741211,15.214400291442871
2021-01-27,1.5771000385284424,1.6088999509811401,55.810001373291016,15.042360305786133
2021-01-28,1.582900047302246,1.601699948310852,55.529998779296875,15.262200355529785
2021-01-29,1.5724999904632568,1.6003999710083008,55.880001068115234,15.18850040435791
2021-02-01,1.5901000499725342,1.6469000577926636,56.349998474121094,15.17300033569336
2021-02-02,1.6160000562667847,1.6746000051498413,57.459999084472656,15.05739974975586
2021-02-03,1.6485999822616577,1.690500020980835,58.459999084472656,14.910400390625
2021-02-04,1.6447999477386475,1.7005000114440918,58.84000015258789,14.89109992980957
2021-02-05,1.6492999792099,1.7137000560760498,59.34000015258789,14.99413013458252
2021-02-08,1.6748000383377075,1.7477999925613403,60.560001373291016,14.91765022277832
2021-02-09,1.6735999584197998,1.756700038909912,61.09000015258789,14.863960266113281
2021-02-10,1.65339994430542,1.7610000371932983,61.470001220703125,14.69849967956543
2021-02-11,1.6502000093460083,1.7446000576019287,61.13999938964844,14.750900268554688
2021-02-12,1.6924999952316284,1.771399974822998,62.43000030517578,14.611100196838379
2021-02-15,1.6924999952316284,1.771399974822998,62.43000030517578,14.543450355529785
2021-02-16,1.7728999853134155,1.8143999576568604,63.349998474121094,14.434599876403809
2021-02-17,1.8105000257492065,1.8377000093460083,64.33999633789062,14.66759967803955
2021-02-18,1.7942999601364136,1.836400032043457,63.93000030517578,14.560600280761719
2021-02-19,1.8069000244140625,1.8229000568389893,62.90999984741211,14.586999893188477
2021-02-22,1.8416999578475952,1.8586000204086304,65.23999786376953,14.657050132751465
2021-02-23,1.8586000204086304,1.8680000305175781,65.37000274658203,14.662199974060059
2021-02-24,1.8955999612808228,1.9083000421524048,67.04000091552734,14.552740097045898
2021-02-25,1.892300009727478,1.906599998474121,66.87999725341797,14.481599807739258
2021-02-26,1.8769999742507935,1.8565000295639038,66.12999725341797,14.998100280761719
2021-03-01,1.9428999423980713,1.819200038909912,63.689998626708984,15.039480209350586
2021-03-02,1.936400055885315,1.8080999851226807,62.70000076293945,14.961700439453125
2021-03-03,1.951799988746643,1.8357000350952148,64.06999969482422,14.922800064086914
2021-03-04,1.9979000091552734,1.8960000276565552,66.73999786376953,15.06190013885498
2021-03-05,2.06469988822937,1.944000005722046,69.36000061035156,15.279399871826172
2021-03-08,2.0487000942230225,1.9084999561309814,68.23999786376953,15.311450004577637
2021-03-09,2.0501999855041504,1.9072999954223633,67.5199966430664,15.5246000289917
2021-03-10,2.0794999599456787,1.9172999858856201,67.9000015258789,15.281990051269531
2021-03-11,2.138000011444092,1.9594000577926636,69.62999725341797,15.065899848937988
2021-03-12,2.1500000953674316,1.9674999713897705,69.22000122070312,14.803099632263184
2021-03-15,2.104599952697754,1.9488999843597412,68.87999725341797,14.93529987335205
2021-03-16,2.1012001037597656,1.9327000379562378,68.38999938964844,14.8548002243042
2021-03-17,2.047100067138672,1.9061000347137451,68.0,14.860300064086914
2021-03-18,1.944100022315979,1.7841999530792236,63.279998779296875,14.605600357055664
2021-03-19,1.9430999755859375,1.8222999572753906,64.52999877929688,14.728309631347656
2021-03-22,1.9598000049591064,1.829300045967102,64.62000274658203,14.811630249023438
2021-03-23,1.896399974822998,1.748900055885315,60.790000915527344,14.702500343322754
2021-03-24,1.9889999628067017,1.825600028038025,64.41000366210938,14.881199836730957
2021-03-25,1.9208999872207642,1.7477999925613403,61.95000076293945,14.950360298156738
2021-03-26,1.9673000574111938,1.809999942779541,64.56999969482422,14.995719909667969
2021-03-29,1.9952000379562378,1.8098000288009644,64.9800033569336,14.971949577331543
2021-03-30,1.9889999628067017,1.789199948310852,64.13999938964844,14.910730361938477
2021-03-31,1.9532999992370605,1.771299958229065,63.540000915527344,14.901180267333984
2021-04-01,2.0223000049591064,1.8315999507904053,64.86000061035156,14.779199600219727
2021-04-02,2.0223000049591064,1.8315999507904053,64.86000061035156,14.613900184631348
2021-04-05,1.9610999822616577,1.7724000215530396,62.150001525878906,14.617690086364746
2021-04-06,1.9663000106811523,1.794100046157837,62.7400016784668,14.546079635620117
2021-04-07,1.951799988746643,1.8078999519348145,63.15999984741211,14.512399673461914
2021-04-08,1.9593000411987305,1.8098000288009644,63.20000076293945,14.53909969329834
2021-04-09,1.9621000289916992,1.8076000213623047,62.95000076293945,14.516819953918457
2021-04-12,1.9700000286102295,1.8079999685287476,63.279998779296875,14.576310157775879
2021-04-13,1.9757000207901,1.8144999742507935,63.66999816894531,14.559100151062012
2021-04-14,2.0355000495910645,1.8899999856948853,66.58000183105469,14.493000030517578
2021-04-15,2.051800012588501,1.898900032043457,66.94000244140625,14.386899948120117
2021-04-16,2.039900064468384,1.8956999778747559,66.7699966430664,14.143400192260742
2021-04-19,2.0445001125335693,1.8925000429153442,67.05000305175781,14.302220344543457
2021-04-20,2.017400026321411,1.8801000118255615,66.56999969482422,14.208200454711914
2021-04-21,1.9833999872207642,1.853700041770935,65.31999969482422,14.285499572753906
2021-04-22,1.9746999740600586,1.86080002784729,65.4000015258789,14.217499732971191
2021-04-23,1.9957000017166138,1.8734999895095825,66.11000061035156,14.309280395507812
2021-04-26,1.978600025177002,1.878499984741211,65.6500015258789,14.272890090942383
2021-04-27,2.020400047302246,1.9056999683380127,66.41999816894531,14.271679878234863
2021-04-28,2.072200059890747,1.938599944114685,67.2699966430664,14.36868953704834
2021-04-29,2.099900007247925,1.961400032043457,68.55999755859375,14.204099655151367
2021-04-30,2.0697999000549316,1.9211000204086304,67.25,14.281800270080566
2021-05-03,2.1015000343322754,1.9519000053405762,67.55999755859375,14.458600044250488
2021-05-04,2.15120005607605,1.9988000392913818,68.87999725341797,14.397700309753418
2021-05-05,2.1512999534606934,2.002500057220459,68.95999908447266,14.462200164794922
2021-05-06,2.1136999130249023,1.9895000457763672,68.08999633789062,14.344590187072754
2021-05-07,2.1268999576568604,2.0106000900268555,68.27999877929688,14.186490058898926
2021-05-10,2.1333999633789062,2.0165998935699463,68.31999969482422,14.055299758911133
2021-05-11,2.139899969100952,2.0416998863220215,68.55000305175781,14.038029670715332
2021-05-12,2.1610000133514404,2.069499969482422,69.31999969482422,13.973600387573242
2021-05-13,2.0952999591827393,2.0009000301361084,67.05000305175781,14.115599632263184
2021-05-14,2.1266000270843506,2.0362000465393066,68.70999908447266,14.12930965423584
2021-05-17,2.1582999229431152,2.0604000091552734,69.45999908447266,14.125439643859863
2021-05-18,2.160900115966797,2.0564000606536865,68.70999908447266,14.092610359191895
2021-05-19,2.1019999980926514,2.0071001052856445,66.66000366210938,14.007519721984863
2021-05-20,2.0471999645233154,1.964400053024292,65.11000061035156,14.101300239562988
2021-05-21,2.06850004196167,1.9881999492645264,66.44000244140625,13.977970123291016
2021-05-24,2.1177000999450684,2.0420000553131104,68.45999908447266,13.956450462341309
2021-05-25,2.117300033569336,2.035399913787842,68.6500015258789,13.914199829101562
2021-05-26,2.150099992752075,2.0452001094818115,68.87000274658203,13.839099884033203
2021-05-27,2.1517999172210693,2.0564000606536865,69.45999908447266,13.76078987121582
2021-05-28,2.140199899673462,2.0445001125335693,69.62999725341797,13.756460189819336
2021-05-31,2.140199899673462,2.0445001125335693,69.62999725341797,13.768500328063965
2021-06-01,2.1703999042510986,2.071500062942505,70.25,13.707300186157227
2021-06-02,2.1940999031066895,2.107100009918213,71.3499984741211,13.757229804992676
2021-06-03,2.2018001079559326,2.1017000675201416,71.30999755859375,13.514869689941406
2021-06-04,2.2114999294281006,2.1198999881744385,71.88999938964844,13.62108039855957
2021-06-07,2.1930999755859375,2.115600109100342,71.48999786376953,13.417940139770508
2021-06-08,2.2190001010894775,2.134999990463257,72.22000122070312,13.52865982055664
2021-06-09,2.202500104904175,2.129499912261963,72.22000122070312,13.569510459899902
2021-06-10,2.2121999263763428,2.143399953842163,72.5199966430664,13.732290267944336
2021-06-11,2.1861000061035156,2.120699882507324,72.69000244140625,13.593299865722656
2021-06-14,2.1712000370025635,2.111599922180176,72.86000061035156,13.706999778747559
2021-06-15,2.1705000400543213,2.112299919128418,73.98999786376953,13.765080451965332
2021-06-16,2.1561999320983887,2.1033999919891357,74.38999938964844,13.760100364685059
2021-06-17,2.134200096130371,2.066800117492676,73.08000183105469,13.98270034790039
2021-06-18,2.168299913406372,2.0931999683380127,73.51000213623047,14.097999572753906
2021-06-21,2.196899890899658,2.126800060272217,74.9000015258789,14.335399627685547
2021-06-22,2.224299907684326,2.1510000228881836,74.80999755859375,14.214500427246094
2021-06-23,2.266900062561035,2.15939998626709,75.19000244140625,14.25802993774414
2021-06-24,2.280900001525879,2.1623001098632812,75.55999755859375,14.209600448608398
2021-06-25,2.2639000415802,2.1493000984191895,76.18000030517578,14.189339637756348
2021-06-28,2.216599941253662,2.1182000637054443,74.68000030517578,14.152139663696289
2021-06-29,2.239000082015991,2.1219000816345215,74.76000213623047,14.247400283813477
2021-06-30,2.2444000244140625,2.128700017929077,75.12999725341797,14.342399597167969
2021-07-01,2.2676000595092773,2.1561999320983887,75.83999633789062,14.231499671936035
2021-07-02,2.299799919128418,2.1791000366210938,76.16999816894531,14.4241304397583
2021-07-05,2.299799919128418,2.1791000366210938,76.16999816894531,14.200530052185059
2021-07-06,2.2281999588012695,2.1048998832702637,74.52999877929688,14.240699768066406
2021-07-07,2.2060000896453857,2.089099884033203,73.43000030517578,14.337030410766602
2021-07-08,2.255199909210205,2.1203999519348145,74.12000274658203,14.280179977416992
2021-07-09,2.2920000553131104,2.1552000045776367,75.55000305175781,14.262539863586426
2021-07-12,2.2771999835968018,2.1498000621795654,75.16000366210938,14.22677993774414
2021-07-13,2.3183000087738037,2.1844000816345215,76.48999786376953,14.365519523620605
2021-07-14,2.2934999465942383,2.1435000896453857,74.76000213623047,14.705220222473145
2021-07-15,2.2502999305725098,2.112600088119507,73.47000122070312,14.441499710083008
2021-07-16,2.2535998821258545,2.113300085067749,73.58999633789062,14.535639762878418
2021-07-19,2.1103999614715576,1.985200047492981,68.62000274658203,14.38949966430664
2021-07-20,2.131500005722046,2.012700080871582,69.3499984741211,14.530679702758789
2021-07-21,2.2167000770568848,2.0869998931884766,72.2300033569336,14.591569900512695
2021-07-22,2.273200035095215,2.1326000690460205,73.79000091552734,14.57448959350586
2021-07-23,2.291300058364868,2.1338999271392822,74.0999984741211,14.697600364685059
2021-07-26,2.308300018310547,2.1510000228881836,74.5,14.79343032836914
2021-07-27,2.3141000270843506,2.143899917602539,74.4800033569336,14.746520042419434
2021-07-28,2.308199882507324,2.1559998989105225,74.73999786376953,14.758099555969238
2021-07-29,2.3513998985290527,2.1893999576568604,76.05000305175781,14.719400405883789
2021-07-30,2.3659000396728516,2.199399948120117,76.33000183105469,14.516799926757812
2021-08-02,2.2746999263763428,2.1357998847961426,72.88999938964844,14.598600387573242
2021-08-03,2.2708001136779785,2.1263999938964844,72.41000366210938,14.455599784851074
2021-08-04,2.25,2.0741000175476074,70.37999725341797,14.303600311279297
2021-08-05,2.2939999103546143,2.1059999465942383,71.29000091552734,14.327730178833008
2021-08-06,2.2569000720977783,2.0845000743865967,70.69999694824219,14.476420402526855
2021-08-09,2.234800100326538,2.042099952697754,69.04000091552734,14.640910148620605
2021-08-10,2.267899990081787,2.080199956893921,70.62999725341797,14.769000053405762
2021-08-11,2.3022000789642334,2.105799913406372,71.44000244140625,14.767849922180176
2021-08-12,2.275399923324585,2.1038999557495117,71.30999755859375,14.609199523925781
2021-08-13,2.2625999450683594,2.077899932861328,70.58999633789062,14.75979995727539
2021-08-16,2.200900077819824,2.04830002784729,69.51000213623047,14.67140007019043
2021-08-17,2.165600061416626,2.036099910736084,69.02999877929688,14.808600425720215
2021-08-18,2.147700071334839,2.021199941635132,68.2300033569336,14.87304973602295
2021-08-19,2.0815000534057617,1.968999981880188,66.44999694824219,14.933850288391113
2021-08-20,2.0236001014709473,1.9082000255584717,65.18000030517578,15.195699691772461
2021-08-23,2.123199939727783,2.0051000118255615,68.75,15.288350105285645
2021-08-24,2.180799961090088,2.066800117492676,71.05000305175781,15.117899894714355
2021-08-25,2.300800085067749,2.1182000637054443,72.25,14.979399681091309
2021-08-26,2.2553999423980713,2.083199977874756,71.06999969482422,14.921250343322754
2021-08-27,2.274199962615967,2.1092000007629395,72.69999694824219,14.892900466918945
2021-08-30,2.312700033187866,2.1403000354766846,73.41000366210938,14.705699920654297
2021-08-31,2.282599925994873,2.13100004196167,72.98999786376953,14.623749732971191
2021-09-01,2.1108999252319336,2.1289000511169434,71.58999633789062,14.48843002319336
2021-09-02,2.1635000705718994,2.1677000522613525,73.02999877929688,14.367349624633789
2021-09-03,2.1540000438690186,2.15939998626709,72.61000061035156,14.430800437927246
2021-09-06,2.1540000438690186,2.15939998626709,72.61000061035156,14.296299934387207
2021-09-07,2.130000114440918,2.1215999126434326,71.69000244140625,14.219400405883789
2021-09-08,2.1321001052856445,2.136399984359741,72.5999984741211,14.265399932861328
2021-09-09,2.0996999740600586,2.1136999130249023,71.44999694824219,14.155850410461426
2021-09-10,2.1540000438690186,2.1459999084472656,72.91999816894531,14.189900398254395
2021-09-13,2.160900115966797,2.1582999229431152,73.51000213623047,14.164999961853027
2021-09-14,2.1723999977111816,2.16129994392395,73.5999984741211,14.10949993133545
2021-09-15,2.2065999507904053,2.2053000926971436,75.45999908447266,14.323399543762207
2021-09-16,2.1812000274658203,2.2109999656677246,75.66999816894531,14.363300323486328
2021-09-17,2.171299934387207,2.2091000080108643,75.33999633789062,14.574549674987793
2021-09-20,2.1152000427246094,2.1589999198913574,73.91999816894531,14.740050315856934
2021-09-21,2.1052000522613525,2.173799991607666,74.36000061035156,14.755200386047363
2021-09-22,2.1238999366760254,2.2116000652313232,76.19000244140625,14.845499992370605
2021-09-23,2.1714999675750732,2.2490999698638916,77.25,14.771499633789062
2021-09-24,2.1875,2.2671000957489014,78.08999633789062,14.73390007019043
2021-09-27,2.2237000465393066,2.2960000038146973,79.52999877929688,14.917810440063477
2021-09-28,2.201900005340576,2.2890000343322754,79.08999633789062,14.92158031463623
2021-09-29,2.229300022125244,2.307499885559082,78.63999938964844,15.090800285339355
2021-09-30,2.2535998821258545,2.3417000770568848,78.5199966430664,15.14330005645752
2021-10-01,2.25,2.382699966430664,79.27999877929688,15.071700096130371
2021-10-04,2.308500051498413,2.4365999698638916,81.26000213623047,14.844799995422363
2021-10-05,2.3578999042510986,2.4935998916625977,82.55999755859375,15.028200149536133
2021-10-06,2.308199882507324,2.441999912261963,81.08000183105469,14.985819816589355
2021-10-07,2.334399938583374,2.4595999717712402,81.94999694824219,14.945099830627441
2021-10-08,2.3661999702453613,2.4737000465393066,82.38999938964844,14.937399864196777
2021-10-11,2.3778998851776123,2.515000104904175,83.6500015258789,14.902600288391113
2021-10-12,2.3828999996185303,2.509999990463257,83.41999816894531,15.052399635314941
2021-10-13,2.4054999351501465,2.5211000442504883,83.18000030517578,14.956100463867188
2021-10-14,2.434999942779541,2.5613999366760254,84.0,14.768899917602539
2021-10-15,2.4863998889923096,2.573699951171875,84.86000061035156,14.760299682617188
2021-10-18,2.486599922180176,2.5492000579833984,84.33000183105469,14.57919979095459
2021-10-19,2.4755001068115234,2.560699939727783,85.08000183105469,14.66450023651123
2021-10-20,2.5083999633789062,2.5922999382019043,85.81999969482422,14.485210418701172
2021-10-21,2.48009991645813,2.549099922180176,84.61000061035156,14.377120018005371
2021-10-22,2.482100009918213,2.5388998985290527,85.52999877929688,14.647299766540527
2021-10-25,2.516200065612793,2.56469988822937,85.98999786376953,14.8125
2021-10-26,2.5167999267578125,2.5773000717163086,86.4000015258789,14.695099830627441
2021-10-27,2.449700117111206,2.5148000717163086,84.58000183105469,14.810680389404297
2021-10-28,2.434999942779541,2.5164999961853027,84.31999969482422,15.05620002746582
2021-10-29,2.4619998931884766,2.4964001178741455,84.37999725341797,15.108960151672363
2021-11-01,2.4093000888824463,2.5030999183654785,84.70999908447266,15.19124984741211
2021-11-02,2.4500999450683594,2.50819993019104,84.72000122070312,15.396109580993652
2021-11-03,2.3385000228881836,2.434499979019165,81.98999786376953,15.413200378417969
2021-11-04,2.29259991645813,2.406599998474121,80.54000091552734,15.21310043334961
2021-11-05,2.3208999633789062,2.4556000232696533,82.73999786376953,15.199600219726562
2021-11-08,2.322200059890747,2.467099905014038,83.43000030517578,15.022760391235352
2021-11-09,2.375200033187866,2.5081000328063965,84.77999877929688,14.906499862670898
2021-11-10,2.2971999645233154,2.4521000385284424,82.63999938964844,15.00529956817627
2021-11-11,2.3178000450134277,2.4470999240875244,82.87000274658203,15.417699813842773
2021-11-12,2.3113999366760254,2.403700113296509,82.16999816894531,15.294300079345703
2021-11-15,2.3287999629974365,2.398099899291992,82.05000305175781,15.299099922180176
2021-11-16,2.3496999740600586,2.4309000968933105,82.43000030517578,15.20259952545166
2021-11-17,2.2802999019622803,2.3643999099731445,80.27999877929688,15.477499961853027
2021-11-18,2.294300079345703,2.384000062942505,81.23999786376953,15.475700378417969
2021-11-19,2.211899995803833,2.2934000492095947,78.88999938964844,15.630800247192383
2021-11-22,2.260200023651123,2.3254001140594482,79.69999694824219,15.694600105285645
2021-11-23,2.3371999263763428,2.3842999935150146,82.30999755859375,15.842900276184082
2021-11-24,2.319700002670288,2.382999897003174,82.25,15.821040153503418
2021-11-25,2.319700002670288,2.382999897003174,82.25,15.847800254821777
2021-11-26,2.029400110244751,2.0945000648498535,72.72000122070312,16.118999481201172
2021-11-29,2.0771000385284424,2.152100086212158,73.44000244140625,16.09939956665039
2021-11-30,1.9801000356674194,2.063800096511841,70.56999969482422,16.103120803833008
2021-12-01,1.9510999917984009,2.0771000385284424,68.87000274658203,15.860010147094727
2021-12-02,1.9677000045776367,2.1033999919891357,69.66999816894531,16.0137996673584
2021-12-03,1.9529000520706177,2.098400115966797,69.87999725341797,15.914899826049805
2021-12-06,2.043299913406372,2.1712000370025635,73.08000183105469,16.024999618530273
2021-12-07,2.0999999046325684,2.224600076675415,75.44000244140625,15.897100448608398
2021-12-08,2.1484999656677246,2.2613000869750977,75.81999969482422,15.836299896240234
2021-12-09,2.1284000873565674,2.2502999305725098,74.41999816894531,15.665749549865723
2021-12-10,2.137200117111206,2.2516000270843506,75.1500015258789,15.936300277709961
2021-12-13,2.116499900817871,2.232800006866455,74.38999938964844,15.949959754943848
2021-12-14,2.11080002784729,2.218400001525879,73.69999694824219,15.997099876403809
2021-12-15,2.127500057220459,2.220400094985962,73.87999725341797,16.076499938964844
2021-12-16,2.177799940109253,2.2662999629974365,75.0199966430664,15.962499618530273
2021-12-17,2.1217000484466553,2.219899892807007,73.5199966430664,15.924500465393066
2021-12-20,2.0899999141693115,2.1730000972747803,71.5199966430664,15.904500007629395
2021-12-21,2.1521999835968018,2.2578001022338867,73.9800033569336,15.74370002746582
2021-12-22,2.1679999828338623,2.307800054550171,75.29000091552734,15.828700065612793
2021-12-23,2.2060999870300293,2.331399917602539,76.8499984741211,15.704700469970703
2021-12-24,2.2060999870300293,2.331399917602539,76.8499984741211,15.621870040893555
2021-12-27,2.2339000701904297,2.3534998893737793,78.5999984741211,15.519700050354004
2021-12-28,2.2471001148223877,2.3714001178741455,78.94000244140625,15.525400161743164
2021-12-29,2.271699905395508,2.3777999877929688,79.2300033569336,15.731579780578613
2021-12-30,2.296799898147583,2.395900011062622,79.31999969482422,15.909749984741211
2021-12-31,2.2284998893737793,2.3301000595092773,77.77999877929688,15.889100074768066
2022-01-03,2.256500005722046,2.3573999404907227,78.9800033569336,15.929900169372559
2022-01-04,2.2762999534606934,2.4094998836517334,80.0,15.861499786376953
2022-01-05,2.292099952697754,2.4460999965667725,80.80000305175781,15.999119758605957
2022-01-06,2.30430006980896,2.4776999950408936,81.98999786376953,15.850629806518555
2022-01-07,2.2988998889923096,2.481800079345703,81.75,15.69729995727539
2022-01-10,2.275399923324585,2.487600088119507,80.87000274658203,15.547329902648926
2022-01-11,2.3573999404907227,2.5636000633239746,83.72000122070312,15.659299850463867
2022-01-12,2.3907999992370605,2.5941998958587646,84.66999816894531,15.488479614257812
2022-01-13,2.3840999603271484,2.6085000038146973,84.47000122070312,15.279669761657715
2022-01-14,2.4189999103546143,2.6342999935150146,86.05999755859375,15.394599914550781
2022-01-17,2.4189999103546143,2.6342999935150146,86.05999755859375,15.318750381469727
2022-01-18,2.43179988861084,2.6740000247955322,87.51000213623047,15.32960033416748
2022-01-19,2.4570000171661377,2.6923000812530518,88.44000244140625,15.487099647521973
2022-01-20,2.4621999263763428,2.671799898147583,88.37999725341797,15.29738998413086
2022-01-21,2.4423999786376953,2.691200017929077,87.88999938964844,15.215700149536133
2022-01-24,2.3980000019073486,2.6273999214172363,86.2699966430664,15.062060356140137
2022-01-25,2.4595000743865967,2.669100046157837,88.19999694824219,15.229999542236328
2022-01-26,2.522900104522705,2.74399995803833,89.95999908447266,15.237500190734863
2022-01-27,2.5209999084472656,2.7945001125335693,89.33999633789062,15.292719841003418
2022-01-28,2.54229998588562,2.7855000495910645,90.02999877929688,15.430660247802734
2022-01-31,2.55430006980896,2.759200096130371,91.20999908447266,15.582269668579102
2022-02-01,2.575200080871582,2.7411999702453613,89.16000366210938,15.342020034790039
2022-02-02,2.6070001125335693,2.768899917602539,89.47000122070312,15.234999656677246
2022-02-03,2.642699956893921,2.8394999504089355,91.11000061035156,15.306610107421875
2022-02-04,2.678499937057495,2.8750998973846436,93.2699966430664,15.231550216674805
2022-02-07,2.68530011177063,2.8554000854492188,92.69000244140625,15.415300369262695
2022-02-08,2.6250998973846436,2.79259991645813,90.77999877929688,15.485899925231934
2022-02-09,2.65339994430542,2.824899911880493,91.55000305175781,15.321149826049805
2022-02-10,2.6654000282287598,2.827199935913086,91.41000366210938,15.205599784851074
2022-02-11,2.738600015640259,2.910900115966797,94.44000244140625,15.154999732971191
2022-02-14,2.779400110244751,2.9618000984191895,96.4800033569336,15.202779769897461
2022-02-15,2.669100046157837,2.859499931335449,93.27999877929688,15.077569961547852
2022-02-16,2.6770999431610107,2.8575000762939453,94.80999755859375,15.092399597167969
2022-02-17,2.6486001014709473,2.7862000465393066,92.97000122070312,15.001199722290039
2022-02-18,2.669600009918213,2.7815001010894775,93.54000091552734,14.996399879455566
2022-02-21,2.669600009918213,2.7815001010894775,93.54000091552734,15.110179901123047
2022-02-22,2.7107999324798584,2.8187999725341797,96.83999633789062,15.137499809265137
2022-02-23,2.7253000736236572,2.829200029373169,96.83999633789062,15.05780029296875
2022-02-24,2.7709999084472656,2.896899938583374,99.08000183105469,15.093500137329102
2022-02-25,2.727299928665161,2.8494999408721924,97.93000030517578,15.334150314331055
2022-02-28,2.796999931335449,3.013400077819824,100.98999786376953,15.35280990600586
2022-03-01,3.08870005607605,3.151099920272827,104.97000122070312,15.326199531555176
2022-03-02,3.308300018310547,3.4946999549865723,112.93000030517578,15.395999908447266
2022-03-03,3.28439998626709,3.5034000873565674,110.45999908447266,15.290200233459473
2022-03-04,3.5439999103546143,3.7762999534606934,118.11000061035156,15.168230056762695
2022-03-07,3.5720999240875244,3.9214999675750732,123.20999908447266,15.297900199890137
2022-03-08,3.6826000213623047,4.437300205230713,127.9800033569336,15.336600303649902
2022-03-09,3.293800115585327,3.4642999172210693,111.13999938964844,15.272100448608398
2022-03-10,3.1566998958587646,3.2962000370025635,109.33000183105469,15.009699821472168
2022-03-11,3.3120999336242676,3.41759991645813,112.66999816894531,15.02258014678955
2022-03-14,3.1689000129699707,3.2762999534606934,106.9000015258789,15.0
2022-03-15,2.9981000423431396,3.0297000408172607,99.91000366210938,15.092949867248535
2022-03-16,2.987499952316284,3.100100040435791,98.0199966430664,15.087400436401367
2022-03-17,3.216599941253662,3.4874000549316406,106.63999938964844,14.906200408935547
2022-03-18,3.238800048828125,3.598099946975708,107.93000030517578,14.904399871826172
2022-03-21,3.3715999126434326,3.8008999824523926,115.62000274658203,14.922430038452148
2022-03-22,3.330699920654297,3.8642001152038574,115.4800033569336,14.898750305175781
2022-03-23,3.438699960708618,4.114799976348877,121.5999984741211,14.803999900817871
2022-03-24,3.389699935913086,4.15339994430542,119.02999877929688,14.730600357055664
2022-03-25,3.4700000286102295,4.11460018157959,120.6500015258789,14.485679626464844
2022-03-28,3.2188000679016113,3.783400058746338,112.4800033569336,14.553589820861816
2022-03-29,3.2032999992370605,3.716099977493286,110.2300033569336,14.650400161743164
2022-03-30,3.325000047683716,3.808500051498413,113.44999694824219,14.502900123596191
2022-03-31,3.1895999908447266,3.691200017929077,107.91000366210938,14.482199668884277
2022-04-01,3.1535000801086426,3.4240000247955322,104.38999938964844,14.595399856567383
2022-04-04,3.1981000900268555,3.546099901199341,107.52999877929688,14.650199890136719
2022-04-05,3.164900064468384,3.4681999683380127,106.63999938964844,14.574199676513672
2022-04-06,3.0462000370025635,3.3452000617980957,101.06999969482422,14.671600341796875
2022-04-07,3.039799928665161,3.2678000926971436,100.58000183105469,14.677200317382812
2022-04-08,3.1315999031066895,3.3176000118255615,102.77999877929688,14.722200393676758
2022-04-11,3.0030999183654785,3.267699956893921,98.4800033569336,14.63539981842041
2022-04-12,3.1538000106811523,3.464400053024292,104.63999938964844,14.551859855651855
2022-04-13,3.291300058364868,3.718400001525879,108.77999877929688,14.514389991760254
2022-04-14,3.3814001083374023,3.85479998588562,111.69999694824219,14.531299591064453
2022-04-15,3.3814001083374023,3.85479998588562,111.69999694824219,14.638699531555176
2022-04-18,3.3780999183654785,3.8907999992370605,113.16000366210938,14.622200012207031
2022-04-19,3.2474000453948975,3.8619000911712646,107.25,14.654000282287598
2022-04-20,3.2848000526428223,3.973099946975708,106.80000305175781,14.960200309753418
2022-04-21,3.338599920272827,3.9007999897003174,108.33000183105469,15.0246000289917
2022-04-22,3.305000066757202,3.9386000633239746,106.6500015258789,15.35912036895752
2022-04-25,3.239799976348877,4.09089994430542,102.31999969482422,15.569540023803711
2022-04-26,3.3387999534606934,4.467899799346924,104.98999786376953,15.673100471496582
2022-04-27,3.4560000896453857,4.674300193786621,105.31999969482422,15.824649810791016
2022-04-28,3.5034000873565674,5.13539981842041,107.58999633789062,15.863659858703613
2022-04-29,3.472100019454956,4.781700134277344,109.33999633789062,15.982500076293945
2022-05-02,3.5100998878479004,4.204899787902832,107.58000183105469,15.794099807739258
2022-05-03,3.501199960708618,4.082699775695801,104.97000122070312,16.10759925842285
2022-05-04,3.6522998809814453,4.197000026702881,110.13999938964844,15.733240127563477
2022-05-05,3.6586999893188477,4.041299819946289,110.9000015258789,15.468799591064453
2022-05-06,3.759000062942505,3.9542999267578125,112.38999938964844,15.979599952697754
2022-05-09,3.641900062561035,3.83489990234375,105.94000244140625,16.061500549316406
2022-05-10,3.5415000915527344,3.9321999549865723,102.45999908447266,16.222200393676758
2022-05-11,3.685499906539917,3.951200008392334,107.51000213623047,16.11886978149414
2022-05-12,3.7916998863220215,3.916100025177002,107.44999694824219,16.078399658203125
2022-05-13,3.9577999114990234,3.9212000370025635,111.55000305175781,16.05620002746582
2022-05-16,4.022900104522705,3.9075000286102295,114.23999786376953,16.149919509887695
2022-05-17,3.941699981689453,3.799299955368042,111.93000030517578,16.12211036682129
2022-05-18,3.720599889755249,3.668100118637085,109.11000061035156,15.90233039855957
2022-05-19,3.831700086593628,3.7920000553131104,112.04000091552734,16.0674991607666
2022-05-20,3.8369998931884766,3.7390999794006348,112.55000305175781,15.832099914550781
2022-05-23,3.7976999282836914,3.7688000202178955,113.41999816894531,15.834059715270996
2022-05-24,3.811000108718872,3.7818000316619873,113.55999755859375,15.776300430297852
2022-05-25,3.831700086593628,3.8664000034332275,114.02999877929688,15.622050285339355
2022-05-26,3.8773999214172363,3.9679999351501465,117.4000015258789,15.71660041809082
2022-05-27,4.0157999992370605,4.002900123596191,119.43000030517578,15.674969673156738
2022-05-30,4.0157999992370605,4.002900123596191,119.43000030517578,15.5649995803833
2022-05-31,4.080399990081787,4.09089994430542,122.83999633789062,15.476799964904785
2022-06-01,4.071599960327148,4.1433000564575195,116.29000091552734,15.59550952911377
2022-06-02,4.190899848937988,4.208399772644043,117.61000061035156,15.593299865722656
2022-06-03,4.252200126647949,4.280300140380859,119.72000122070312,15.448399543762207
2022-06-06,4.192999839782715,4.360099792480469,119.51000213623047,15.536100387573242
2022-06-07,4.157700061798096,4.3206000328063965,120.56999969482422,15.421699523925781
2022-06-08,4.22189998626709,4.314300060272217,123.58000183105469,15.364279747009277
2022-06-09,4.276199817657471,4.40369987487793,123.06999969482422,15.277600288391113
2022-06-10,4.1722002029418945,4.366700172424316,122.01000213623047,15.474499702453613
2022-06-13,4.035299777984619,4.283400058746338,122.2699966430664,15.858280181884766
2022-06-14,3.993799924850464,4.394000053405762,121.16999816894531,16.112899780273438
2022-06-15,3.894200086593628,4.546999931335449,118.51000213623047,16.014999389648438
2022-06-16,3.9558000564575195,4.571300029754639,119.80999755859375,15.739299774169922
2022-06-17,3.7929999828338623,4.339799880981445,113.12000274658203,15.996199607849121
2022-06-20,3.7929999828338623,4.339799880981445,113.12000274658203,15.97665023803711
2022-06-21,3.7945001125335693,4.358399868011475,114.6500015258789,16.02359962463379
2022-06-22,3.8341000080108643,4.404600143432617,111.73999786376953,15.914560317993164
2022-06-23,3.7655999660491943,4.337900161743164,110.05000305175781,15.899609565734863
2022-06-24,3.8847999572753906,4.3628997802734375,113.12000274658203,15.935409545898438
2022-06-27,3.8371999263763428,4.230199813842773,115.08999633789062,15.764900207519531
2022-06-28,3.9351000785827637,4.199399948120117,117.9800033569336,15.827300071716309
2022-06-29,3.8269999027252197,4.0366997718811035,116.26000213623047,16.063400268554688
2022-06-30,3.6498000621795654,3.898200035095215,114.80999755859375,16.20870018005371
2022-07-01,3.6877999305725098,3.9388999938964844,111.62999725341797,16.255739212036133
2022-07-04,3.6877999305725098,3.9388999938964844,111.62999725341797,16.39579963684082
2022-07-05,3.3289999961853027,3.601599931716919,102.7699966430664,16.331499099731445
2022-07-06,3.236599922180176,3.410599946975708,100.69000244140625,16.533349990844727
2022-07-07,3.4203999042510986,3.6738998889923096,104.6500015258789,16.764299392700195
2022-07-08,3.4470999240875244,3.6728999614715576,107.0199966430664,16.68610954284668
2022-07-11,3.4621999263763428,3.7681000232696533,107.0999984741211,16.812829971313477
2022-07-12,3.2646000385284424,3.662600040435791,99.48999786376953,17.07349967956543
2022-07-13,3.2337000370025635,3.6658999919891357,99.56999969482422,17.017240524291992
2022-07-14,3.186800003051758,3.649399995803833,99.0999984741211,16.94529914855957
2022-07-15,3.213200092315674,3.6989998817443848,101.16000366210938,17.12179946899414
2022-07-18,3.2643001079559326,3.6554999351501465,106.2699966430664,17.045000076293945
2022-07-19,3.307499885559082,3.626800060272217,107.3499984741211,17.090749740600586
2022-07-20,3.275399923324585,3.604300022125244,106.91999816894531,17.072500228881836
2022-07-21,3.1494998931884766,3.5903000831604004,103.86000061035156,17.123300552368164
2022-07-22,3.2228000164031982,3.4556000232696533,103.19999694824219,17.035400390625
2022-07-25,3.381999969482422,3.5165998935699463,105.1500015258789,16.78809928894043
2022-07-26,3.3550000190734863,3.583899974822998,104.4000015258789,16.779300689697266
2022-07-27,3.428800106048584,3.7172999382019043,106.62000274658203,16.858400344848633
2022-07-28,3.464600086212158,3.686300039291382,107.13999938964844,16.66699981689453
2022-07-29,3.488100051879883,3.6247000694274902,110.01000213623047,16.526199340820312
2022-08-01,2.9981000423431396,3.440000057220459,100.02999877929688,16.605039596557617
2022-08-02,3.0566999912261963,3.3803999423980713,100.54000091552734,16.476150512695312
2022-08-03,2.9121999740600586,3.414799928665161,96.77999877929688,16.806049346923828
2022-08-04,2.7934999465942383,3.3371999263763428,94.12000274658203,16.739700317382812
2022-08-05,2.855600118637085,3.21589994430542,94.91999816894531,16.575550079345703
2022-08-08,2.886199951171875,3.1791000366210938,96.6500015258789,16.772600173950195
2022-08-09,2.960200071334839,3.3338000774383545,96.30999755859375,16.62540054321289
2022-08-10,3.0703001022338867,3.4103000164031982,97.4000015258789,16.566499710083008
2022-08-11,3.071500062942505,3.4839999675750732,99.5999984741211,16.17176055908203
2022-08-12,3.0460000038146973,3.5178000926971436,98.1500015258789,16.236799240112305
2022-08-15,2.95169997215271,3.4402999877929688,95.0999984741211,16.235200881958008
2022-08-16,2.900700092315674,3.4802000522613525,92.33999633789062,16.421110153198242
2022-08-17,2.934499979019165,3.6173999309539795,93.6500015258789,16.36520004272461
2022-08-18,3.026099920272827,3.6496999263763428,96.58999633789062,16.645000457763672
2022-08-19,3.0174999237060547,3.700500011444092,96.72000122070312,16.8528995513916
2022-08-22,2.891200065612793,3.77620005607605,96.4800033569336,17.007410049438477
2022-08-23,2.933000087738037,3.841900110244751,100.22000122070312,16.989110946655273
2022-08-24,2.8006999492645264,4.013199806213379,101.22000122070312,16.959840774536133
2022-08-25,2.8120999336242676,3.9491000175476074,99.33999633789062,16.910200119018555
2022-08-26,2.851300001144409,4.007599830627441,100.98999786376953,16.70857048034668
2022-08-29,2.8775999546051025,3.909899950027466,105.08999633789062,16.9112491607666
2022-08-30,2.6944000720977783,3.8171000480651855,99.30999755859375,16.809640884399414
2022-08-31,2.6059000492095947,3.715399980545044,96.48999786376953,16.957799911499023
2022-09-01,2.3852999210357666,3.561199903488159,92.36000061035156,17.105209350585938
2022-09-02,2.463599920272827,3.578000068664551,93.0199966430664,17.25189971923828
2022-09-05,2.463599920272827,3.578000068664551,93.0199966430664,17.300899505615234
2022-09-06,2.4158999919891357,3.5738000869750977,92.83000183105469,17.162200927734375
2022-09-07,2.3076999187469482,3.5859999656677246,88.0,17.276620864868164
2022-09-08,2.346100091934204,3.54010009765625,89.1500015258789,17.238019943237305
2022-09-09,2.4330999851226807,3.578700065612793,92.83999633789062,17.49169921875
2022-09-12,2.4447999000549316,3.603100061416626,94.0,17.243000030517578
2022-09-13,2.4804000854492188,3.541300058364868,93.16999816894531,17.079580307006836
2022-09-14,2.5244998931884766,3.3789000511169434,94.0999984741211,17.39189910888672
2022-09-15,2.4286999702453613,3.205199956893921,90.83999633789062,17.47330093383789
2022-09-16,2.4156999588012695,3.172499895095825,91.3499984741211,17.56399917602539
2022-09-19,2.464099884033203,3.310800075531006,92.0,17.609529495239258
2022-09-20,2.4477999210357666,3.3722000122070312,90.62000274658203,17.625999450683594
2022-09-21,2.4865000247955322,3.3338000774383545,89.83000183105469,17.688100814819336
2022-09-22,2.515700101852417,3.4114999771118164,90.45999908447266,17.714799880981445
2022-09-23,2.382999897003174,3.2370998859405518,86.1500015258789,17.559490203857422
2022-09-26,2.384200096130371,3.1291000843048096,84.05999755859375,17.937000274658203
2022-09-27,2.4930999279022217,3.2599000930786133,86.2699966430664,18.06209945678711
2022-09-28,2.577899932861328,3.449399948120117,89.31999969482422,17.98270034790039
2022-09-29,2.5076000690460205,3.414599895477295,88.48999786376953,17.85460090637207
2022-09-30,2.472599983215332,3.36899995803833,87.95999908447266,17.96558952331543
2022-10-03,2.5129001140594482,3.3691000938415527,88.86000061035156,18.052499771118164
2022-10-04,2.683000087738037,3.535799980163574,91.80000305175781,17.63129997253418
2022-10-05,2.6684999465942383,3.6868999004364014,93.37000274658203,17.627899169921875
2022-10-06,2.6814000606536865,3.8649001121520996,94.41999816894531,17.789569854736328
2022-10-07,2.734600067138672,4.018700122833252,97.91999816894531,17.961200714111328
2022-10-10,2.62280011177063,3.9147000312805176,96.19000244140625,18.094999313354492
2022-10-11,2.6273000240325928,3.930799961090088,94.29000091552734,18.081899642944336
2022-10-12,2.6303000450134277,3.932800054550171,92.44999694824219,18.139999389648438
2022-10-13,2.703399896621704,4.094799995422363,94.56999969482422,18.275400161743164
2022-10-14,2.6308999061584473,3.9802000522613525,91.62999725341797,18.226499557495117
2022-10-17,2.593100070953369,4.08519983291626,91.62000274658203,18.234600067138672
2022-10-18,2.550600051879883,3.993499994277954,90.02999877929688,18.056100845336914
2022-10-19,2.6521999835968018,3.9042999744415283,92.41000366210938,18.06209945678711
2022-10-20,2.6477999687194824,3.7567999362945557,92.37999725341797,18.1968994140625
2022-10-21,2.6619999408721924,3.8322999477386475,93.5,18.297100067138672
2022-10-24,2.7302000522613525,3.920099973678589,93.26000213623047,18.034700393676758
2022-10-25,2.9159998893737793,3.9672000408172607,93.5199966430664,18.395299911499023
2022-10-26,2.899399995803833,4.120100021362305,95.69000244140625,18.184600830078125
2022-10-27,3.0116000175476074,4.333899974822998,96.95999908447266,17.909299850463867
2022-10-28,2.906599998474121,4.549799919128418,95.7699966430664,17.935699462890625
2022-10-31,2.810699939727783,4.190899848937988,94.83000183105469,18.114999771118164
2022-11-01,2.5945000648498535,3.6210999488830566,94.6500015258789,18.30270004272461
2022-11-02,2.697200059890747,3.6774001121520996,96.16000366210938,18.208799362182617
2022-11-03,2.6939001083374023,3.865299940109253,94.66999816894531,18.230899810791016
2022-11-04,2.734800100326538,3.914799928665161,98.56999969482422,18.374849319458008
2022-11-07,2.65310001373291,3.781100034713745,97.91999816894531,17.97035026550293
2022-11-08,2.636699914932251,3.770699977874756,95.36000061035156,17.710500717163086
2022-11-09,2.544600009918213,3.6563000679016113,92.6500015258789,17.700700759887695
2022-11-10,2.5662999153137207,3.5694000720977783,93.66999816894531,17.75029945373535
2022-11-11,2.609600067138672,3.555299997329712,95.98999786376953,17.340900421142578
2022-11-14,2.5285000801086426,3.5439999103546143,93.13999938964844,17.24489974975586
2022-11-15,2.5160999298095703,3.6412999629974365,93.86000061035156,17.287099838256836
2022-11-16,2.507999897003174,3.613600015640259,92.86000061035156,17.29050064086914
2022-11-17,2.454699993133545,3.5248000621795654,89.77999877929688,17.234699249267578
2022-11-18,2.420799970626831,3.5181000232696533,87.62000274658203,17.311899185180664
2022-11-21,2.4370999336242676,3.497299909591675,87.44999694824219,17.19515037536621
2022-11-22,2.5404999256134033,3.471299886703491,88.36000061035156,17.324100494384766
2022-11-23,2.474400043487549,3.359299898147583,85.41000366210938,17.24650001525879
2022-11-24,2.474400043487549,3.359299898147583,85.41000366210938,16.968799591064453
2022-11-25,2.328200101852417,3.2390999794006348,83.62999725341797,17.00058937072754
2022-11-28,2.3306000232696533,3.215399980545044,83.19000244140625,17.0762996673584
2022-11-29,2.3320999145507812,3.2959001064300537,83.02999877929688,17.12700080871582
2022-11-30,2.4184999465942383,3.3629000186920166,85.43000030517578,16.968050003051758
2022-12-01,2.3420000076293945,3.262399911880493,86.87999725341797,17.109699249267578
2022-12-02,2.280400037765503,3.1684999465942383,85.56999969482422,17.524829864501953
2022-12-05,2.201900005340576,2.999799966812134,82.68000030517578,17.2898006439209
2022-12-06,2.1491000652313232,2.9154999256134033,79.3499984741211,17.44329071044922
2022-12-07,2.077199935913086,2.7804999351501465,77.16999816894531,17.31529998779297
2022-12-08,2.049099922180176,2.8798000812530518,76.1500015258789,17.152589797973633
2022-12-09,2.0560998916625977,2.7936999797821045,76.0999984741211,17.157100677490234
2022-12-12,2.0810000896453857,2.9684998989105225,77.98999786376953,17.320899963378906
2022-12-13,2.160900115966797,3.0922000408172607,80.68000030517578,17.565500259399414
2022-12-14,2.2444000244140625,3.2767999172210693,82.69999694824219,17.233699798583984
2022-12-15,2.166800022125244,3.283400058746338,81.20999908447266,17.159090042114258
2022-12-16,2.1322999000549316,3.1198999881744385,79.04000091552734,17.499000549316406
2022-12-19,2.1775999069213867,3.053499937057495,79.80000305175781,17.572200775146484
2022-12-20,2.2228000164031982,3.0589001178741455,79.98999786376953,17.332700729370117
2022-12-21,2.2558000087738037,3.1394999027252197,82.19999694824219,17.30780029296875
2022-12-22,2.248800039291382,3.1314001083374023,80.9800033569336,17.17970085144043
2022-12-23,2.3835999965667725,3.2660999298095703,83.91999816894531,17.1200008392334
2022-12-26,2.3835999965667725,3.2660999298095703,83.91999816894531,16.95949935913086
2022-12-27,2.3601999282836914,3.3536999225616455,84.33000183105469,17.020490646362305
2022-12-28,2.3629000186920166,3.3777999877929688,83.26000213623047,17.193500518798828
2022-12-29,2.370699882507324,3.312999963760376,82.26000213623047,17.04509925842285
2022-12-30,2.4595000743865967,3.3622000217437744,85.91000366210938,16.92060089111328
2023-01-02,2.4595000743865967,3.3622000217437744,85.91000366210938,16.899999618530273
2023-01-03,2.3612000942230225,3.0864999294281006,82.0999984741211,16.885189056396484
2023-01-04,2.259200096130371,2.97189998626709,77.83999633789062,17.011999130249023
2023-01-05,2.2671000957489014,2.9723000526428223,78.69000244140625,16.8704891204834
2023-01-06,2.2446000576019287,3.004499912261963,78.56999969482422,17.15089988708496
2023-01-09,2.2929000854492188,3.0360000133514404,79.6500015258789,17.09000015258789
2023-01-10,2.327699899673462,3.135699987411499,80.0999984741211,16.91699981689453
2023-01-11,2.434499979019165,3.217900037765503,82.66999816894531,16.792299270629883
2023-01-12,2.4753000736236572,3.2190001010894775,84.02999877929688,16.897279739379883
2023-01-13,2.5327999591827393,3.2558999061584473,85.27999877929688,16.70977020263672
2023-01-16,2.5327999591827393,3.2558999061584473,85.27999877929688,16.780000686645508
2023-01-17,2.545099973678589,3.250999927520752,85.91999816894531,17.043270111083984
2023-01-18,2.5234999656677246,3.263000011444092,84.9800033569336,17.052200317382812
2023-01-19,2.5968000888824463,3.3759000301361084,86.16000366210938,17.1112003326416
2023-01-20,2.645400047302246,3.4667999744415283,87.62999725341797,17.28219985961914
2023-01-23,2.696500062942505,3.5508999824523926,88.19000244140625,17.087499618530273
2023-01-24,2.648699998855591,3.4272000789642334,86.12999725341797,17.148189544677734
2023-01-25,2.593400001525879,3.361299991607666,86.12000274658203,17.005489349365234
2023-01-26,2.6120998859405518,3.3965001106262207,87.47000122070312,17.110790252685547
2023-01-27,2.588599920272827,3.265500068664551,86.66000366210938,17.15850067138672
2023-01-30,2.4988999366760254,3.11080002784729,84.9000015258789,17.189599990844727
2023-01-31,2.5434999465942383,3.182300090789795,84.48999786376953,17.378700256347656
2023-02-01,2.4537999629974365,2.9511001110076904,82.83999633789062,17.411399841308594
2023-02-02,2.4523000717163086,2.896699905395508,82.16999816894531,16.997499465942383
2023-02-03,2.321000099182129,2.7753000259399414,79.94000244140625,17.069000244140625
2023-02-06,2.3733999729156494,2.768699884414673,80.98999786376953,17.432100296020508
2023-02-07,2.4567999839782715,2.904400110244751,83.69000244140625,17.654499053955078
2023-02-08,2.4628000259399414,2.8933000564575195,85.08999633789062,17.513700485229492
2023-02-09,2.447499990463257,2.8153998851776123,84.5,17.71954917907715
2023-02-10,2.503700017929077,2.8645999431610107,86.38999938964844,17.7406005859375
2023-02-13,2.531100034713745,2.9056999683380127,86.61000061035156,17.921100616455078
2023-02-14,2.4885001182556152,2.9400999546051025,85.58000183105469,17.810400009155273
2023-02-15,2.49780011177063,2.844399929046631,85.37999725341797,17.86033058166504
2023-02-16,2.435499906539917,2.810800075531006,85.13999938964844,18.019739151000977
2023-02-17,2.4082000255584717,2.712100028991699,83.0,18.122299194335938
2023-02-20,2.4082000255584717,2.712100028991699,83.0,18.03849983215332
2023-02-21,2.415600061416626,2.7918999195098877,83.05000305175781,18.050579071044922
2023-02-22,2.337599992752075,2.7147998809814453,80.5999984741211,18.240299224853516
2023-02-23,2.379499912261963,2.7081000804901123,82.20999908447266,18.204700469970703
2023-02-24,2.3587000370025635,2.7962000370025635,83.16000366210938,18.202299118041992
2023-02-27,2.368299961090088,2.8197999000549316,82.44999694824219,18.387500762939453
2023-02-28,2.434299945831299,2.8208999633789062,83.88999938964844,18.380229949951172
2023-03-01,2.674799919128418,2.873800039291382,84.30999755859375,18.313499450683594
2023-03-02,2.7002999782562256,2.8661999702453613,84.75,18.096500396728516
2023-03-03,2.7504000663757324,2.913100004196167,85.83000183105469,18.166400909423828
2023-03-06,2.7964999675750732,2.8866000175476074,86.18000030517578,18.11750030517578
2023-03-07,2.700700044631958,2.797499895095825,83.29000091552734,18.17020034790039
2023-03-08,2.6888999938964844,2.7418999671936035,82.66000366210938,18.3882999420166
2023-03-09,2.60509991645813,2.6689000129699707,81.58999633789062,18.52199935913086
2023-03-10,2.6458001136779785,2.772900104522705,82.77999877929688,18.560800552368164
2023-03-13,2.591399908065796,2.7614998817443848,80.7699966430664,18.197200775146484
2023-03-14,2.552999973297119,2.714400053024292,77.44999694824219,18.183900833129883
2023-03-15,2.4384000301361084,2.6048998832702637,73.69000244140625,18.10569953918457
2023-03-16,2.503499984741211,2.6435000896453857,74.69999694824219,18.36479949951172
2023-03-17,2.501499891281128,2.6786999702453613,72.97000122070312,18.338499069213867
2023-03-20,2.5360000133514404,2.6870999336242676,73.79000091552734,18.467100143432617
2023-03-21,2.5388998985290527,2.690200090408325,75.31999969482422,18.496339797973633
2023-03-22,2.5931999683380127,2.740299940109253,76.69000244140625,18.512569427490234
2023-03-23,2.6059000492095947,2.6847000122070312,75.91000366210938,18.211200714111328
2023-03-24,2.5885000228881836,2.695199966430664,74.98999786376953,18.066150665283203
2023-03-27,2.6842000484466553,2.770400047302246,78.12000274658203,18.146900177001953
2023-03-28,2.712100028991699,2.7695999145507812,78.6500015258789,18.28619956970215
2023-03-29,2.668100118637085,2.658099889755249,78.27999877929688,18.14349937438965
2023-03-30,2.661400079727173,2.623699903488159,79.2699966430664,18.08591079711914
2023-03-31,2.700500011444092,2.676300048828125,79.7699966430664,17.739900588989258
2023-04-03,2.757499933242798,2.662600040435791,84.93000030517578,17.806249618530273
2023-04-04,2.7370998859405518,2.6666998863220215,84.94000244140625,17.795799255371094
2023-04-05,2.8201000690460205,2.7309999465942383,84.98999786376953,17.88385009765625
2023-04-06,2.8132998943328857,2.6605000495910645,85.12000274658203,18.06290054321289
2023-04-07,2.8132998943328857,2.6605000495910645,85.12000274658203,18.08230972290039
2023-04-10,2.8078999519348145,2.6814000606536865,84.18000030517578,18.19420051574707
2023-04-11,2.8652000427246094,2.6682000160217285,85.61000061035156,18.482900619506836
2023-04-12,2.8726999759674072,2.7030999660491943,87.33000183105469,18.33625030517578
2023-04-13,2.831700086593628,2.672800064086914,86.08999633789062,18.424089431762695
2023-04-14,2.835900068283081,2.63919997215271,86.30999755859375,18.034799575805664
2023-04-17,2.7739999294281006,2.6147000789642334,84.76000213623047,18.095500946044922
2023-04-18,2.7509000301361084,2.599900007247925,84.7699966430664,18.291400909423828
2023-04-19,2.6454999446868896,2.5576999187469482,83.12000274658203,18.15850067138672
2023-04-20,2.586400032043457,2.4948999881744385,81.0999984741211,18.166200637817383
2023-04-21,2.601599931716919,2.488600015640259,81.66000366210938,17.889400482177734
2023-04-24,2.6317999362945557,2.5309998989105225,82.7300033569336,18.07710075378418
2023-04-25,2.588599920272827,2.4511001110076904,80.7699966430664,18.13960075378418
2023-04-26,2.5494000911712646,2.372999906539917,77.69000244140625,18.317459106445312
2023-04-27,2.5327999591827393,2.3541998863220215,78.37000274658203,18.354839324951172
2023-04-28,2.578000068664551,2.378700017929077,79.54000091552734,18.268850326538086
2023-05-01,2.5504000186920166,2.3822999000549316,79.30999755859375,18.281400680541992
2023-05-02,2.435699939727783,2.2892000675201416,75.31999969482422,18.355600357055664
2023-05-03,2.3220999240875244,2.232300043106079,72.33000183105469,18.46319007873535
2023-05-04,2.325900077819824,2.2386999130249023,72.5,18.272279739379883
2023-05-05,2.378999948501587,2.31469988822937,75.30000305175781,18.280799865722656
2023-05-08,2.4616000652313232,2.377700090408325,77.01000213623047,18.385950088500977
2023-05-09,2.4798998832702637,2.390199899673462,77.44000244140625,18.28285026550293
2023-05-10,2.4948999881744385,2.393399953842163,76.41000366210938,18.596149444580078
2023-05-11,2.45770001411438,2.3494999408721924,74.9800033569336,18.848400115966797
2023-05-12,2.4302000999450684,2.305500030517578,74.16999816894531,19.170499801635742
2023-05-15,2.4719998836517334,2.378000020980835,75.2300033569336,19.155799865722656
2023-05-16,2.479099988937378,2.3638999462127686,74.91000366210938,18.99690055847168
2023-05-17,2.569200038909912,2.422600030899048,76.95999908447266,19.04960060119629
2023-05-18,2.5683000087738037,2.402600049972534,75.86000061035156,19.233299255371094
2023-05-19,2.5761001110076904,2.3622000217437744,75.58000183105469,19.303850173950195
2023-05-22,2.648900032043457,2.3664000034332275,75.98999786376953,19.41200065612793
2023-05-23,2.6621999740600586,2.3617000579833984,76.83999633789062,19.24850082397461
2023-05-24,2.7211999893188477,2.4137001037597656,78.36000061035156,19.166799545288086
2023-05-25,2.6735000610351562,2.3461999893188477,76.26000213623047,19.227100372314453
2023-05-26,2.703399896621704,2.36929988861084,76.94999694824219,19.774499893188477
2023-05-29,2.703399896621704,2.36929988861084,76.94999694824219,19.64480972290039
2023-05-30,2.595900058746338,2.2808001041412354,73.54000091552734,19.629989624023438
2023-05-31,2.5599000453948975,2.2595999240875244,72.66000366210938,19.652910232543945
2023-06-01,2.436199903488159,2.31469988822937,74.27999877929688,19.694950103759766
2023-06-02,2.500699996948242,2.3568999767303467,76.12999725341797,19.61090087890625
2023-06-05,2.524399995803833,2.377500057220459,76.70999908447266,19.516000747680664
2023-06-06,2.564300060272217,2.367799997329712,76.29000091552734,19.241199493408203
2023-06-07,2.641200065612793,2.4017999172210693,76.94999694824219,19.168800354003906
2023-06-08,2.6126999855041504,2.3898000717163086,75.95999908447266,19.06744956970215
2023-06-09,2.5931999683380127,2.3610000610351562,74.79000091552734,18.8221492767334
2023-06-12,2.482599973678589,2.3090999126434326,71.83999633789062,18.68185043334961
2023-06-13,2.5578999519348145,2.3954999446868896,74.29000091552734,18.54598045349121
2023-06-14,2.5546000003814697,2.3577001094818115,73.19999694824219,18.600200653076172
2023-06-15,2.641700029373169,2.479599952697754,75.66999816894531,18.300600051879883
2023-06-16,2.680500030517578,2.5513999462127686,76.61000061035156,18.194049835205078
2023-06-19,2.680500030517578,2.5513999462127686,76.61000061035156,18.199600219726562
2023-06-20,2.6092000007629395,2.475399971008301,75.9000015258789,18.147829055786133
2023-06-21,2.6240999698638916,2.564199924468994,77.12000274658203,18.368900299072266
2023-06-22,2.550100088119507,2.4655001163482666,74.13999938964844,18.287870407104492
2023-06-23,2.517199993133545,2.407099962234497,73.8499984741211,18.4950008392334
2023-06-26,2.5374999046325684,2.438800096511841,74.18000030517578,18.73200035095215
2023-06-27,2.5167999267578125,2.3989999294281006,72.26000213623047,18.645700454711914
2023-06-28,2.6033999919891357,2.4066998958587646,74.02999877929688,18.50830078125
2023-06-29,2.6177000999450684,2.415600061416626,74.33999633789062,18.62380027770996
2023-06-30,2.634000062942505,2.448199987411499,74.9000015258789,18.749500274658203
2023-07-03,2.462399959564209,2.3773000240325928,74.6500015258789,18.8262996673584
2023-07-04,2.462399959564209,2.3773000240325928,74.6500015258789,18.736299514770508
2023-07-05,2.5183000564575195,2.493299961090088,76.6500015258789,18.63129997253418
2023-07-06,2.543800115585327,2.4793999195098877,76.5199966430664,18.758499145507812
2023-07-07,2.5892999172210693,2.5590999126434326,78.47000122070312,19.08489990234375
2023-07-10,2.5696001052856445,2.5532000064849854,77.69000244140625,18.80699920654297
2023-07-11,2.6226999759674072,2.583699941635132,79.4000015258789,18.769899368286133
2023-07-12,2.6670000553131104,2.599600076675415,80.11000061035156,18.448200225830078
2023-07-13,2.6786000728607178,2.6103999614715576,81.36000061035156,18.122699737548828
2023-07-14,2.643699884414673,2.597899913787842,79.87000274658203,17.91230010986328
2023-07-17,2.631700038909912,2.564199924468994,78.5,18.078899383544922
2023-07-18,2.6944000720977783,2.599400043487549,79.62999725341797,18.020200729370117
2023-07-19,2.7204999923706055,2.6417999267578125,79.45999908447266,17.864500045776367
2023-07-20,2.7432000637054443,2.664400100708008,79.63999938964844,17.833669662475586
2023-07-21,2.801800012588501,2.745699882507324,81.06999969482422,17.909910202026367
2023-07-24,2.8951001167297363,2.7704999446868896,82.73999786376953,17.940099716186523
2023-07-25,2.853300094604492,2.777600049972534,83.63999938964844,17.725130081176758
2023-07-26,2.9072000980377197,2.842900037765503,82.91999816894531,17.52050018310547
2023-07-27,2.950500011444092,2.9168999195098877,84.23999786376953,17.61009979248047
2023-07-28,2.9558000564575195,2.9586000442504883,84.98999786376953,17.78904914855957
2023-07-31,2.928999900817871,2.9909000396728516,85.55999755859375,17.597999572753906
2023-08-01,2.872999906539917,3.023400068283081,84.91000366210938,17.855199813842773
2023-08-02,2.7757999897003174,3.004300117492676,83.19999694824219,18.240190505981445
2023-08-03,2.764699935913086,3.074899911880493,85.13999938964844,18.442699432373047
2023-08-04,2.783099889755249,3.0622000694274902,86.23999786376953,18.638999938964844
2023-08-07,2.8043999671936035,3.015500068664551,85.33999633789062,18.438800811767578
2023-08-08,2.845099925994873,3.085599899291992,86.16999816894531,18.696800231933594
2023-08-09,2.9284000396728516,3.2070000171661377,87.55000305175781,18.907499313354492
2023-08-10,2.9047000408172607,3.1533000469207764,86.4000015258789,18.951419830322266
2023-08-11,2.964900016784668,3.121500015258789,86.80999755859375,18.819900512695312
2023-08-14,2.9061999320983887,3.0882999897003174,86.20999908447266,18.923200607299805
2023-08-15,2.847599983215332,3.0280001163482666,84.88999938964844,19.064899444580078
2023-08-16,2.8671000003814697,3.020900011062622,83.44999694824219,19.137699127197266
2023-08-17,2.821700096130371,3.0938000679016113,84.12000274658203,19.174489974975586
2023-08-18,2.823199987411499,3.1596999168395996,84.80000305175781,19.05139923095703
2023-08-21,2.772599935531616,3.1161999702453613,84.45999908447266,18.967199325561523
2023-08-22,2.789099931716919,3.1387999057769775,84.02999877929688,18.940000534057617
2023-08-23,2.7688000202178955,3.1291000843048096,83.20999908447266,18.76995086669922
2023-08-24,2.7799999713897705,3.156399965286255,83.36000061035156,18.454099655151367
2023-08-25,2.8763999938964844,3.307499885559082,84.4800033569336,18.790630340576172
2023-08-28,2.7957000732421875,3.203700065612793,84.41999816894531,18.61829948425293
2023-08-29,2.7904999256134033,3.2095000743865967,85.48999786376953,18.55430030822754
2023-08-30,2.8092000484466553,3.0961999893188477,85.86000061035156,18.448299407958984
2023-08-31,2.766400098800659,3.1426000595092773,86.86000061035156,18.693910598754883
2023-09-01,2.591200113296509,3.1050000190734863,88.55000305175781,18.831050872802734
2023-09-04,2.591200113296509,3.1050000190734863,88.55000305175781,18.79694938659668
2023-09-05,2.5810000896453857,3.219599962234497,90.04000091552734,19.098100662231445
2023-09-06,2.6013998985290527,3.192699909210205,90.5999984741211,19.117799758911133
2023-09-07,2.622999906539917,3.2123000621795654,89.91999816894531,19.202199935913086
2023-09-08,2.653700113296509,3.299099922180176,90.6500015258789,19.130800247192383
2023-09-11,2.7186999320983887,3.3622000217437744,90.63999938964844,19.064199447631836
2023-09-12,2.7279000282287598,3.3282999992370605,92.05999755859375,18.84149932861328
2023-09-13,2.7383999824523926,3.4354000091552734,91.87999725341797,18.92310905456543
2023-09-14,2.7427000999450684,3.4814999103546143,93.69999694824219,18.80760955810547
2023-09-15,2.7081000804901123,3.3833999633789062,93.93000030517578,19.02672004699707
2023-09-18,2.6979000568389893,3.288300037384033,94.43000030517578,18.976980209350586
2023-09-19,2.658099889755249,3.3738999366760254,94.33999633789062,19.005699157714844
2023-09-20,2.6191999912261963,3.3268001079559326,93.52999877929688,18.905000686645508
2023-09-21,2.6198999881744385,3.368000030517578,93.30000305175781,18.850400924682617
2023-09-22,2.561800003051758,3.3062000274658203,93.2699966430664,18.95039939880371
2023-09-25,2.5439000129699707,3.262200117111206,93.29000091552734,18.740999221801758
2023-09-26,2.5622000694274902,3.22379994392395,93.95999908447266,18.766300201416016
2023-09-27,2.598599910736084,3.31469988822937,96.55000305175781,19.061100006103516
2023-09-28,2.5053000450134277,3.318000078201294,95.37999725341797,19.198400497436523
2023-09-29,2.4398999214172363,3.3622000217437744,95.30999755859375,18.97266960144043
2023-10-02,2.4121999740600586,3.2225000858306885,90.70999908447266,18.879199981689453
2023-10-03,2.360100030899048,3.1953999996185303,90.91999816894531,19.211999893188477
2023-10-04,2.197999954223633,3.0178000926971436,85.80999755859375,19.298099517822266
2023-10-05,2.188999891281128,2.8687000274658203,84.06999969482422,19.319599151611328
2023-10-06,2.192199945449829,2.9007999897003174,84.58000183105469,19.507299423217773
2023-10-09,2.238100051879883,2.966599941253662,88.1500015258789,19.356670379638672
2023-10-10,2.2583999633789062,3.0201001167297363,87.6500015258789,19.138900756835938
2023-10-11,2.210099935531616,2.998500108718872,85.81999969482422,19.00029945373535
2023-10-12,2.1649999618530273,3.0448999404907227,86.0,18.809789657592773
2023-10-13,2.2653000354766846,3.211699962615967,90.88999938964844,19.011600494384766
2023-10-16,2.2730000019073486,3.149199962615967,89.6500015258789,18.971750259399414
2023-10-17,2.2844998836517334,3.1767001152038574,89.9000015258789,18.77475929260254
2023-10-18,2.3534998893737793,3.1393001079559326,91.5,18.793899536132812
2023-10-19,2.3617000579833984,3.1730000972747803,92.37999725341797,18.971750259399414
2023-10-20,2.3736000061035156,3.156599998474121,92.16000366210938,19.00149917602539
2023-10-23,2.3285000324249268,3.0954999923706055,89.83000183105469,18.970500946044922
2023-10-24,2.2676000595092773,3.0448999404907227,88.06999969482422,18.951120376586914
2023-10-25,2.2841999530792236,3.0304999351501465,90.12999725341797,19.009899139404297
2023-10-26,2.2560999393463135,3.0439000129699707,87.93000030517578,19.12700080871582
2023-10-27,2.3125,3.0518999099731445,90.4800033569336,18.93269920349121
2023-10-30,2.2200000286102295,2.9663000106811523,87.44999694824219,18.76535987854004
2023-10-31,2.2227001190185547,2.990999937057495,87.41000366210938,18.834699630737305
2023-11-01,2.185499906539917,2.9614999294281006,84.62999725341797,18.617799758911133
2023-11-02,2.246000051498413,3.0255000591278076,86.8499984741211,18.44729995727539
2023-11-03,2.2009999752044678,2.923799991607666,84.88999938964844,18.402099609375
2023-11-06,2.2358999252319336,2.952399969100952,85.18000030517578,18.26289939880371
2023-11-07,2.1677000522613525,2.838399887084961,81.61000061035156,18.29010009765625
2023-11-08,2.128499984741211,2.7492001056671143,79.54000091552734,18.333499908447266
2023-11-09,2.160799980163574,2.719099998474121,80.01000213623047,18.48189926147461
2023-11-10,2.189500093460083,2.7430999279022217,81.43000030517578,18.65369987487793
2023-11-13,2.2358999252319336,2.8392999172210693,82.5199966430664,18.726430892944336
2023-11-14,2.2228000164031982,2.837100028991699,82.47000122070312,18.674400329589844
2023-11-15,2.2018001079559326,2.8687000274658203,81.18000030517578,18.22150993347168
2023-11-16,2.101099967956543,2.750200033187866,77.41999816894531,18.179100036621094
2023-11-17,2.184499979019165,2.7725000381469727,80.61000061035156,18.36479949951172
2023-11-20,2.2260000705718994,2.8494999408721924,82.31999969482422,18.333599090576172
2023-11-21,2.233799934387207,2.9249000549316406,82.44999694824219,18.323789596557617
2023-11-22,2.2323999404907227,2.8891000747680664,81.95999908447266,18.60733985900879
2023-11-23,2.214400053024292,2.8712000846862793,81.37000274658203,18.870590209960938
2023-11-24,2.16510009765625,2.835700035095215,80.58000183105469,18.80643081665039
2023-11-27,2.1798999309539795,2.837899923324585,79.9800033569336,18.78289031982422
2023-11-28,2.2300000190734863,2.9070000648498535,81.68000030517578,18.642900466918945
2023-11-29,2.283600091934204,2.8884999752044678,83.0999984741211,18.572799682617188
2023-11-30,2.1998000144958496,2.8304998874664307,82.83000183105469,18.729299545288086
2023-12-01,2.1210999488830566,2.6614999771118164,78.87999725341797,18.83856964111328
2023-12-04,2.134200096130371,2.6596999168395996,78.02999877929688,18.58839988708496
2023-12-05,2.110300064086914,2.6410999298095703,77.19999694824219,18.797170639038086
2023-12-06,2.0302000045776367,2.576200008392334,74.30000305175781,18.948999404907227
2023-12-07,2.001199960708618,2.5492000579833984,74.05000305175781,18.960559844970703
2023-12-08,2.049799919128418,2.5810000896453857,75.83999633789062,18.80590057373047
2023-12-11,2.043100118637085,2.6087000370025635,76.02999877929688,18.903989791870117
2023-12-12,1.979699969291687,2.5074000358581543,73.23999786376953,19.072500228881836
2023-12-13,2.024899959564209,2.548099994659424,74.26000213623047,18.924299240112305
2023-12-14,2.118799924850464,2.5913000106811523,76.61000061035156,18.652429580688477
2023-12-15,2.13700008392334,2.620800018310547,76.55000305175781,18.31279945373535
2023-12-18,2.1589999198913574,2.672800064086914,77.94999694824219,18.28679084777832
2023-12-19,2.2007999420166016,2.7167999744415283,79.2300033569336,18.57699966430664
2023-12-20,2.200700044631958,2.7084999084472656,79.69999694824219,18.32509994506836
2023-12-21,2.1584999561309814,2.6967999935150146,79.38999938964844,18.252349853515625
2023-12-22,2.1301000118255615,2.6612000465393066,79.06999969482422,18.16320037841797
2023-12-25,2.1301000118255615,2.6612000465393066,79.06999969482422,18.46660041809082
2023-12-26,2.1582999229431152,2.668800115585327,81.06999969482422,18.446199417114258
2023-12-27,2.1549999713897705,2.6238999366760254,79.6500015258789,18.64900016784668
2023-12-28,2.085200071334839,2.556299924850464,78.38999938964844,18.348079681396484
2023-12-29,2.10260009765625,2.553100109100342,77.04000091552734,18.56730079650879
2024-01-01,2.10260009765625,2.553100109100342,77.04000091552734,18.26959991455078
2024-01-02,2.094899892807007,2.5257999897003174,75.88999938964844,18.300399780273438
2024-01-03,2.158099889755249,2.6043999195098877,78.25,18.55558967590332
2024-01-04,2.110100030899048,2.588399887084961,77.58999633789062,18.674299240112305
2024-01-05,2.1054999828338623,2.6085000038146973,78.76000213623047,18.686899185180664
2024-01-08,2.0278000831604004,2.576900005340576,76.12000274658203,18.670289993286133
2024-01-09,2.0768001079559326,2.650399923324585,77.58999633789062,18.564199447631836
2024-01-10,2.0673000812530518,2.600600004196167,76.80000305175781,18.63878059387207
2024-01-11,2.114300012588501,2.673799991607666,77.41000366210938,18.631759643554688
2024-01-12,2.120300054550171,2.669300079345703,78.29000091552734,18.645099639892578
2024-01-15,2.120300054550171,2.669300079345703,78.29000091552734,18.60658073425293
2024-01-16,2.1219000816345215,2.660599946975708,78.29000091552734,18.649099349975586
2024-01-17,2.1354000568389893,2.653599977493286,77.87999725341797,18.959089279174805
2024-01-18,2.183500051498413,2.6935999393463135,79.0999984741211,19.079200744628906
2024-01-19,2.1628000736236572,2.662100076675415,78.55999755859375,18.921100616455078
2024-01-22,2.237799882888794,2.69350004196167,80.05999755859375,19.008899688720703
2024-01-23,2.210099935531616,2.6912999153137207,79.55000305175781,19.193300247192383
2024-01-24,2.2095000743865967,2.68179988861084,80.04000091552734,18.91320037841797
2024-01-25,2.264400005340576,2.7953999042510986,82.43000030517578,18.877979278564453
2024-01-26,2.294100046157837,2.843400001525879,83.55000305175781,18.880399703979492
2024-01-29,2.2284998893737793,2.833899974822998,82.4000015258789,18.757030487060547
2024-01-30,2.260699987411499,2.80679988861084,82.87000274658203,18.778499603271484
2024-01-31,2.183300018310547,2.808199882507324,81.70999908447266,18.779300689697266
2024-02-01,2.1947999000549316,2.712899923324585,78.69999694824219,18.6135196685791
2024-02-02,2.1475000381469727,2.6600000858306885,77.33000183105469,18.56529998779297
2024-02-05,2.209199905395508,2.7248001098632812,77.98999786376953,18.882320404052734
2024-02-06,2.2172999382019043,2.7427000999450684,78.58999633789062,19.048900604248047
2024-02-07,2.263000011444092,2.815200090408325,79.20999908447266,18.81760025024414
2024-02-08,2.3420000076293945,2.8907999992370605,81.62999725341797,18.898700714111328
2024-02-09,2.3394999504089355,2.964200019836426,82.19000244140625,18.966400146484375
2024-02-12,2.367300033569336,2.919600009918213,82.0,18.976049423217773
2024-02-13,2.3945999145507812,2.895900011062622,82.7699966430664,18.89859962463379
2024-02-14,2.3169000148773193,2.8101000785827637,81.5999984741211,19.07659912109375
2024-02-15,2.3183000087738037,2.823699951171875,82.86000061035156,19.028560638427734
2024-02-16,2.3359999656677246,2.8066000938415527,83.47000122070312,18.939529418945312
2024-02-19,2.3359999656677246,2.8066000938415527,83.47000122070312,18.825109481811523
2024-02-20,2.277400016784668,2.7314999103546143,82.33999633789062,18.93931007385254
2024-02-21,2.2860000133514404,2.705199956893921,83.02999877929688,18.9064998626709
2024-02-22,2.334700107574463,2.752000093460083,83.66999816894531,18.896129608154297
2024-02-23,2.276700019836426,2.68969988822937,81.62000274658203,19.14780044555664
2024-02-26,2.3055999279022217,2.762700080871582,82.52999877929688,19.30579948425293
2024-02-27,2.344399929046631,2.746000051498413,83.6500015258789,19.212600708007812
2024-02-28,2.2709999084472656,2.6582999229431152,83.68000030517578,19.069400787353516
2024-02-29,2.30430006980896,2.683799982070923,83.62000274658203,19.25309944152832
2024-03-01,2.6143999099731445,2.704200029373169,83.55000305175781,19.180419921875
2024-03-04,2.585700035095215,2.647200107574463,82.80000305175781,19.07699966430664
2024-03-05,2.5327999591827393,2.6064999103546143,82.04000091552734,19.03030014038086
2024-03-06,2.5539000034332275,2.663300037384033,82.95999908447266,18.94070053100586
2024-03-07,2.554800033569336,2.694700002670288,82.95999908447266,18.775400161743164
2024-03-08,2.5271999835968018,2.640899896621704,82.08000183105469,18.66390037536621
2024-03-11,2.5804998874664307,2.6517999172210693,82.20999908447266,18.79785919189453
2024-03-12,2.586400032043457,2.616499900817871,81.91999816894531,18.652700424194336
2024-03-13,2.6614999771118164,2.6851000785827637,84.02999877929688,18.65049934387207
2024-03-14,2.7032999992370605,2.7088000774383545,85.41999816894531,18.553699493408203
2024-03-15,2.7207999229431152,2.7269999980926514,85.33999633789062,18.730600357055664
2024-03-18,2.7572999000549316,2.7881999015808105,86.88999938964844,18.749780654907227
2024-03-19,2.762200117111206,2.760699987411499,87.37999725341797,18.943300247192383
2024-03-20,2.7332000732421875,2.69569993019104,85.94999694824219,18.908790588378906
2024-03-21,2.727099895477295,2.668800115585327,85.77999877929688,18.672300338745117
2024-03-22,2.739799976348877,2.65339994430542,85.43000030517578,18.81909942626953
2024-03-25,2.7483999729156494,2.6786000728607178,86.75,18.985200881958008
2024-03-26,2.7005999088287354,2.621799945831299,86.25,18.885700225830078
2024-03-27,2.6847000122070312,2.598599910736084,86.08999633789062,18.960399627685547
2024-03-28,2.7611000537872314,2.615600109100342,87.4800033569336,18.924489974975586
2024-03-29,2.7611000537872314,2.615600109100342,87.4800033569336,18.896699905395508
2024-04-01,2.7100000381469727,2.6270999908447266,87.41999816894531,18.84830093383789
2024-04-02,2.7588999271392822,2.711899995803833,88.91999816894531,18.944650650024414
2024-04-03,2.7609000205993652,2.7323999404907227,89.3499984741211,18.75790023803711
2024-04-04,2.7941999435424805,2.741300106048584,90.6500015258789,18.65250015258789
2024-04-05,2.788599967956543,2.7730000019073486,91.16999816894531,18.676809310913086
2024-04-08,2.7486000061035156,2.7286999225616455,90.37999725341797,18.712160110473633
2024-04-09,2.7555999755859375,2.677000045776367,89.41999816894531,18.63089942932129
2024-04-10,2.781599998474121,2.7076001167297363,90.4800033569336,18.42840003967285
2024-04-11,2.7741000652313232,2.6598000526428223,89.73999786376953,18.77739906311035
2024-04-12,2.8029000759124756,2.6851000785827637,90.44999694824219,18.709800720214844
2024-04-15,2.783900022506714,2.6542000770568848,90.0999984741211,18.857799530029297
2024-04-16,2.8222999572753906,2.6512999534606934,90.0199966430664,18.97052001953125
2024-04-17,2.7286999225616455,2.574700117111206,87.29000091552734,19.005800247192383
2024-04-18,2.71370005607605,2.533900022506714,87.11000061035156,18.980899810791016
2024-04-19,2.7102999687194824,2.541300058364868,87.29000091552734,19.137449264526367
2024-04-22,2.6854000091552734,2.5604000091552734,87.0,19.121599197387695
2024-04-23,2.7253000736236572,2.579200029373169,88.41999816894531,19.18004035949707
2024-04-24,2.734299898147583,2.5499000549316406,88.0199966430664,19.093299865722656
2024-04-25,2.75819993019104,2.5504000186920166,89.01000213623047,19.21780014038086
2024-04-26,2.7646000385284424,2.5481998920440674,89.5,19.01930046081543
2024-04-29,2.748699903488159,2.5313000679016113,88.4000015258789,18.797500610351562
2024-04-30,2.7107999324798584,2.513400077819824,87.86000061035156,18.63031005859375
2024-05-01,2.577399969100952,2.451900005340576,83.44000244140625,18.778099060058594
2024-05-02,2.5964999198913574,2.4430999755859375,83.66999816894531,18.543699264526367
2024-05-03,2.5550999641418457,2.4433999061584473,82.95999908447266,18.54047966003418
2024-05-06,2.588200092315674,2.461400032043457,83.33000183105469,18.533300399780273
2024-05-07,2.5434000492095947,2.46560001373291,83.16000366210938,18.472700119018555
2024-05-08,2.5318000316619873,2.476099967956543,83.58000183105469,18.49570083618164
2024-05-09,2.541800022125244,2.47760009765625,83.87999725341797,18.56555938720703
2024-05-10,2.4997000694274902,2.4344000816345215,82.79000091552734,18.451549530029297
2024-05-13,2.510499954223633,2.436800003051758,83.36000061035156,18.41230010986328
2024-05-14,2.4595999717712402,2.4200000762939453,82.37999725341797,18.341760635375977
2024-05-15,2.496799945831299,2.423099994659424,82.75,18.379100799560547
2024-05-16,2.5378000736236572,2.443700075149536,83.2699966430664,18.249399185180664
2024-05-17,2.574199914932251,2.486299991607666,83.9800033569336,18.16309928894043
2024-05-20,2.539900064468384,2.4870998859405518,83.70999908447266,18.152099609375
2024-05-21,2.509999990463257,2.4623000621795654,82.87999725341797,18.150100708007812
2024-05-22,2.4677999019622803,2.43179988861084,81.9000015258789,18.050399780273438
2024-05-23,2.469399929046631,2.411799907684326,81.36000061035156,18.276899337768555
2024-05-24,2.4842000007629395,2.413599967956543,82.12000274658203,18.46339988708496
2024-05-27,2.4842000007629395,2.413599967956543,82.12000274658203,18.414939880371094
2024-05-28,2.509000062942505,2.4649999141693115,84.22000122070312,18.301300048828125
2024-05-29,2.464400053024292,2.437000036239624,83.5999984741211,18.271739959716797
2024-05-30,2.404599905014038,2.3694000244140625,81.86000061035156,18.421499252319336
2024-05-31,2.4260001182556152,2.363600015640259,81.62000274658203,18.706300735473633
2024-06-03,2.335599899291992,2.2962000370025635,78.36000061035156,18.76715087890625
2024-06-04,2.3494999408721924,2.285900115966797,77.5199966430664,18.51609992980957
2024-06-05,2.353600025177002,2.301100015640259,78.41000366210938,18.711809158325195
2024-06-06,2.3975000381469727,2.357599973678589,79.87000274658203,18.934490203857422
2024-06-07,2.3826000690460205,2.3517000675201416,79.62000274658203,18.95404052734375
2024-06-10,2.410900115966797,2.4147000312805176,81.62999725341797,18.886199951171875
2024-06-11,2.408900022506714,2.421299934387207,81.91999816894531,18.721900939941406
2024-06-12,2.394399881362915,2.4407999515533447,82.5999984741211,18.541900634765625
2024-06-13,2.415600061416626,2.486799955368042,82.75,18.361360549926758
2024-06-14,2.399600028991699,2.470599889755249,82.62000274658203,18.415130615234375
2024-06-17,2.446899890899658,2.4825000762939453,84.25,18.338899612426758
2024-06-18,2.4832000732421875,2.5208001136779785,85.33000183105469,18.229450225830078
2024-06-19,2.4832000732421875,2.5208001136779785,85.33000183105469,18.022899627685547
2024-06-20,2.5007998943328857,2.5244998931884766,85.70999908447266,17.918500900268555
2024-06-21,2.513700008392334,2.491499900817871,85.23999786376953,17.970890045166016
2024-06-24,2.5114998817443848,2.521399974822998,86.01000213623047,17.99489974975586
2024-06-25,2.514699935913086,2.509399890899658,85.01000213623047,18.093839645385742
2024-06-26,2.544600009918213,2.5374999046325684,85.25,18.23785972595215
2024-06-27,2.545599937438965,2.547600030899048,86.38999938964844,18.147300720214844
2024-06-28,2.529099941253662,2.516900062561035,86.41000366210938,18.433900833129883
2024-07-01,2.5782999992370605,2.6147000789642334,86.5999984741211,18.041200637817383
2024-07-02,2.5734000205993652,2.629699945449829,86.23999786376953,18.352500915527344
2024-07-03,2.601300001144409,2.6342999935150146,87.33999633789062,18.589599609375
2024-07-04,2.601300001144409,2.6342999935150146,87.33999633789062,18.405500411987305
2024-07-05,2.5590999126434326,2.602400064468384,86.54000091552734,18.256620407104492
2024-07-08,2.537899971008301,2.5790998935699463,85.75,18.226900100708008
2024-07-09,2.527400016784668,2.5236001014709473,84.66000366210938,18.088199615478516
2024-07-10,2.5034000873565674,2.518399953842163,85.08000183105469,18.13990020751953
2024-07-11,2.5178000926971436,2.518199920654297,85.4000015258789,18.097759246826172
2024-07-12,2.5153000354766846,2.5095999240875244,85.02999877929688,17.976499557495117
2024-07-15,2.4916000366210938,2.5136001110076904,84.8499984741211,17.985000610351562
2024-07-16,2.4774999618530273,2.4688000679016113,83.7300033569336,18.198299407958984
2024-07-17,2.501300096511841,2.49399995803833,85.08000183105469,18.02429962158203
2024-07-18,2.516400098800659,2.486799955368042,85.11000061035156,18.117799758911133
2024-07-19,2.4504001140594482,2.419100046157837,82.62999725341797,18.2362003326416
2024-07-22,2.470599889755249,2.434799909591675,82.4000015258789,18.189899444580078
2024-07-23,2.414099931716919,2.409899950027466,81.01000213623047,18.234699249267578
2024-07-24,2.4514999389648438,2.452399969100952,81.70999908447266,18.38949966430664
2024-07-25,2.467600107192993,2.4711999893188477,82.37000274658203,18.34830093383789
2024-07-26,2.4605000019073486,2.4196999073028564,81.12999725341797,18.343719482421875
2024-07-29,2.415299892425537,2.375,79.77999877929688,18.270599365234375
2024-07-30,2.3870999813079834,2.3368000984191895,78.62999725341797,18.3302001953125
2024-07-31,2.4820001125335693,2.4154999256134033,80.72000122070312,18.304779052734375
2024-08-01,2.3980000019073486,2.406399965286255,79.5199966430664,18.195999145507812
2024-08-02,2.3176000118255615,2.31850004196167,76.80999755859375,18.28219985961914
2024-08-05,2.3336000442504883,2.2985999584198,76.30000305175781,18.34259033203125
2024-08-06,2.326200008392334,2.295799970626831,76.4800033569336,18.464399337768555
2024-08-07,2.357300043106079,2.355600118637085,78.33000183105469,18.487770080566406
2024-08-08,2.399199962615967,2.357800006866455,79.16000366210938,18.391340255737305
2024-08-09,2.3903000354766846,2.3396999835968018,79.66000366210938,18.341690063476562
2024-08-12,2.4428999423980713,2.4065001010894775,82.30000305175781,18.29450035095215
2024-08-13,2.3747000694274902,2.38919997215271,80.69000244140625,18.242300033569336
2024-08-14,2.3210999965667725,2.3682000637054443,79.76000213623047,18.06909942626953
2024-08-15,2.3580000400543213,2.3778998851776123,81.04000091552734,18.04829978942871
2024-08-16,2.3101999759674072,2.328700065612793,79.68000030517578,17.97170066833496
2024-08-19,2.2637999057769775,2.2634999752044678,77.66000366210938,17.84984016418457
2024-08-20,2.2562999725341797,2.263200044631958,77.19999694824219,17.706899642944336
2024-08-21,2.2049999237060547,2.2497000694274902,76.05000305175781,17.79400062561035
2024-08-22,2.2437000274658203,2.2634999752044678,77.22000122070312,17.819700241088867
2024-08-23,2.285099983215332,2.2997000217437744,79.0199966430664,18.003509521484375
2024-08-26,2.279900074005127,2.3480000495910645,81.43000030517578,17.740299224853516
2024-08-27,2.2469000816345215,2.2862000465393066,79.55000305175781,17.696699142456055
2024-08-28,2.2147998809814453,2.229099988937378,78.6500015258789,17.711790084838867
2024-08-29,2.2476999759674072,2.2839999198913574,79.94000244140625,17.82617950439453
2024-08-30,2.211699962615967,2.251499891281128,78.80000305175781,17.7273006439209
2024-09-02,2.211699962615967,2.251499891281128,78.80000305175781,17.821699142456055
2024-09-03,1.9776999950408936,2.2060000896453857,73.75,17.79490089416504
2024-09-04,1.9617999792099,2.1575000286102295,72.69999694824219,17.938899993896484
2024-09-05,1.9257999658584595,2.1689000129699707,72.69000244140625,17.86823081970215
2024-09-06,1.8960000276565552,2.115000009536743,71.05999755859375,17.692630767822266
2024-09-09,1.9204000234603882,2.139400005340576,71.83999633789062,17.819599151611328
2024-09-10,1.8700000047683716,2.058000087738037,69.19000244140625,17.863000869750977
2024-09-11,1.8971999883651733,2.0917000770568848,70.61000061035156,17.93720054626465
2024-09-12,1.9270000457763672,2.118799924850464,71.97000122070312,17.89419937133789
2024-09-13,1.9301999807357788,2.0843000411987305,71.61000061035156,17.738800048828125
2024-09-16,1.9681999683380127,2.0968000888824463,72.75,17.72566032409668
2024-09-17,2.0018999576568604,2.136699914932251,73.69999694824219,17.607999801635742
2024-09-18,2.010699987411499,2.1475000381469727,73.6500015258789,17.57859992980957
2024-09-19,2.059999942779541,2.171999931335449,74.87999725341797,17.52829933166504
2024-09-20,2.036400079727173,2.1614999771118164,74.48999786376953,17.500499725341797
2024-09-23,1.9902000427246094,2.1451001167297363,73.9000015258789,17.390649795532227
2024-09-24,2.0297000408172607,2.180500030517578,75.16999816894531,17.324800491333008
2024-09-25,1.999899983406067,2.1602001190185547,73.45999908447266,17.22949981689453
2024-09-26,1.961300015449524,2.1361000537872314,71.5999984741211,17.264400482177734
2024-09-27,1.9529999494552612,2.132699966430664,71.9800033569336,17.175500869750977
2024-09-30,1.9621000289916992,2.1317999362945557,71.7699966430664,17.087600708007812
2024-10-01,1.966599941253662,2.1742000579833984,73.55999755859375,17.280550003051758
2024-10-02,1.9859000444412231,2.1821000576019287,73.9000015258789,17.403600692749023
2024-10-03,2.092600107192993,2.2946999073028564,77.62000274658203,17.34280014038086
2024-10-04,2.0957999229431152,2.312700033187866,78.05000305175781,17.48390007019043
2024-10-07,2.1538000106811523,2.396199941635132,80.93000030517578,17.47330093383789
2024-10-08,2.0680999755859375,2.2971999645233154,77.18000030517578,17.37310028076172
2024-10-09,2.0664000511169434,2.276900053024292,76.58000183105469,17.579059600830078
2024-10-10,2.150899887084961,2.3508999347686768,79.4000015258789,17.639999389648438
2024-10-11,2.151599884033203,2.343899965286255,79.04000091552734,17.516359329223633
2024-10-14,2.108599901199341,2.274199962615967,77.45999908447266,17.458560943603516
2024-10-15,2.0376999378204346,2.187700033187866,74.25,17.542600631713867
2024-10-16,2.040299892425537,2.1747000217437744,74.22000122070312,17.642200469970703
2024-10-17,2.046799898147583,2.194499969482422,74.44999694824219,17.633399963378906
2024-10-18,2.002000093460083,2.1521999835968018,73.05999755859375,17.64590072631836
2024-10-21,2.014699935913086,2.183300018310547,74.29000091552734,17.579200744628906
2024-10-22,2.071500062942505,2.236999988555908,76.04000091552734,17.599700927734375
2024-10-23,2.0413999557495117,2.22160005569458,74.95999908447266,17.523799896240234
2024-10-24,2.0276999473571777,2.2023000717163086,74.37999725341797,17.776199340820312
2024-10-25,2.0785000324249268,2.238100051879883,76.05000305175781,17.654399871826172
2024-10-28,1.9664000272750854,2.1285998821258545,71.41999816894531,17.65553092956543
2024-10-29,1.951799988746643,2.133699893951416,71.12000274658203,17.69202995300293
2024-10-30,1.9957000017166138,2.1875998973846436,72.55000305175781,17.648000717163086
2024-10-31,2.003499984741211,2.2195000648498535,73.16000366210938,17.64529037475586
2024-11-01,1.9665000438690186,2.2342000007629395,73.0999984741211,17.595699310302734
2024-11-04,2.019200086593628,2.28410005569458,75.08000183105469,17.56399917602539
2024-11-05,2.044600009918213,2.3041999340057373,75.52999877929688,17.502399444580078
2024-11-06,2.035399913787842,2.2699999809265137,74.91999816894531,17.369699478149414
2024-11-07,2.0536000728607178,2.286400079727173,75.62999725341797,17.665700912475586
2024-11-08,2.012500047683716,2.2388999462127686,73.87000274658203,17.282550811767578
2024-11-11,1.9570000171661377,2.1975998878479004,71.83000183105469,17.613649368286133
2024-11-12,1.9643000364303589,2.2107999324798584,71.88999938964844,17.90839958190918
2024-11-13,1.9651000499725342,2.2193000316619873,72.27999877929688,18.10110092163086
2024-11-14,1.9816999435424805,2.2123000621795654,72.55999755859375,18.225299835205078
2024-11-15,1.9493000507354736,2.1709001064300537,71.04000091552734,14.860369682312012
2024-11-18,2.0183000564575195,2.2513999938964844,73.30000305175781,18.166549682617188
2024-11-19,2.0376999378204346,2.2402000427246094,73.30999755859375,17.938100814819336
2024-11-20,2.045799970626831,2.226300001144409,72.80999755859375,18.026399612426758
2024-11-21,2.0594000816345215,2.274399995803833,74.2300033569336,18.10890007019043
2024-11-22,2.0613999366760254,2.274899959564209,75.16999816894531,18.097299575805664
2024-11-25,2.000499963760376,2.235300064086914,73.01000213623047,17.997129440307617
2024-11-26,1.9917999505996704,2.2404000759124756,72.80999755859375,17.984699249267578
2024-11-27,1.9733999967575073,2.2035999298095703,72.83000183105469,18.179899215698242
2024-11-28,1.9733999967575073,2.2035999298095703,72.83000183105469,18.171199798583984
2024-11-29,1.9436999559402466,2.193000078201294,72.94000244140625,18.080699920654297
2024-12-02,1.917199969291687,2.1777000427246094,71.83000183105469,18.091520309448242
2024-12-03,1.962399959564209,2.2177000045776367,73.62000274658203,18.128400802612305
2024-12-04,1.9391000270843506,2.1673998832702637,72.30999755859375,18.09830093383789
2024-12-05,1.9325000047683716,2.1556999683380127,72.08999633789062,18.15488052368164
2024-12-06,1.9062000513076782,2.1326000690460205,71.12000274658203,18.008699417114258
2024-12-09,1.9524999856948853,2.183500051498413,72.13999938964844,18.002099990844727
2024-12-10,1.9567999839782715,2.1861000061035156,72.19000244140625,17.774030685424805
2024-12-11,1.98580002784729,2.223299980163574,73.5199966430664,17.801300048828125
2024-12-12,1.9884999990463257,2.236599922180176,73.41000366210938,17.686100006103516
2024-12-13,2.001800060272217,2.2699999809265137,74.48999786376953,17.77440071105957
2024-12-16,1.9757000207901,2.2639999389648438,73.91000366210938,17.822280883789062
2024-12-17,1.9438999891281128,2.2279000282287598,73.19000244140625,17.837099075317383
2024-12-18,1.9428000450134277,2.255000114440918,73.38999938964844,18.079700469970703
2024-12-19,1.9227999448776245,2.2376999855041504,72.87999725341797,18.32200050354004
2024-12-20,1.94159996509552,2.2316999435424805,72.94000244140625,18.391599655151367
2024-12-23,1.9383000135421753,2.226300001144409,72.62999725341797,18.271150588989258
2024-12-24,1.958899974822998,2.2214999198913574,73.58000183105469,18.535310745239258
2024-12-25,1.958899974822998,2.2214999198913574,73.58000183105469,18.678489685058594
2024-12-26,1.9457999467849731,2.2053000926971436,73.26000213623047,18.688199996948242
2024-12-27,1.9581999778747559,2.244800090789795,74.16999816894531,18.835800170898438
2024-12-30,1.9763000011444092,2.299499988555908,74.38999938964844,18.654499053955078
2024-12-31,2.001499891281128,2.3206000328063965,74.63999938964844,18.76490020751953
2025-01-02,2.0518999099731445,2.3540000915527344,75.93000030517578,18.82015037536621
2025-01-03,2.0536999702453613,2.3478000164031982,76.51000213623047,18.739599227905273
2025-01-06,2.0355000495910645,2.3552000522613525,76.30000305175781,18.75200080871582
2025-01-07,2.026599884033203,2.366300106048584,77.05000305175781,18.54509925842285
2025-01-08,2.010200023651123,2.3506999015808105,76.16000366210938,18.683300018310547
2025-01-09,2.0283000469207764,2.378200054168701,76.91999816894531,18.90591049194336
2025-01-10,2.074899911880493,2.501699924468994,79.76000213623047,18.935609817504883
2025-01-13,2.1003000736236572,2.5332999229431152,81.01000213623047,19.090150833129883
2025-01-14,2.104599952697754,2.5253000259399414,79.91999816894531,18.98550033569336
2025-01-15,2.158900022506714,2.6135001182556152,82.02999877929688,16.498899459838867
2025-01-16,2.123199939727783,2.6171998977661133,81.29000091552734,18.756999969482422
2025-01-17,2.1122000217437744,2.621000051498413,80.79000091552734,15.43019962310791
2025-01-20,2.1122000217437744,2.621000051498413,80.79000091552734,18.731700897216797
2025-01-21,2.0843000411987305,2.5580999851226807,79.29000091552734,18.495670318603516
2025-01-22,2.057800054550171,2.4842000007629395,79.0,18.47960090637207
2025-01-23,2.0655999183654785,2.4714999198913574,78.29000091552734,18.493900299072266
2025-01-24,2.0490000247955322,2.516200065612793,78.5,18.504539489746094
2025-01-27,2.0281999111175537,2.4600000381469727,77.08000183105469,18.479080200195312
2025-01-28,2.0525999069213867,2.4500999450683594,77.48999786376953,18.741500854492188
2025-01-29,2.0357000827789307,2.4539999961853027,76.58000183105469,18.65959930419922
2025-01-30,2.037400007247925,2.475399971008301,76.87000274658203,18.518299102783203
2025-01-31,2.0364999771118164,2.484499931335449,76.76000213623047,18.56730079650879
2025-02-03,2.1177000999450684,2.463099956512451,75.95999908447266,18.99449920654297
2025-02-04,2.0989999771118164,2.429800033569336,76.19999694824219,18.733409881591797
2025-02-05,2.0506999492645264,2.384200096130371,74.61000061035156,18.65938949584961
2025-02-06,2.074700117111206,2.3980000019073486,74.29000091552734,18.532800674438477
2025-02-07,2.1050000190734863,2.430799961090088,74.66000366210938,18.43779945373535
2025-02-10,2.1041998863220215,2.450900077819824,75.87000274658203,18.525070190429688
2025-02-11,2.1473000049591064,2.5146000385284424,77.0,18.419830322265625
2025-02-12,2.089600086212158,2.4519999027252197,75.18000030517578,18.497589111328125
2025-02-13,2.1106998920440674,2.448699951171875,75.0199966430664,18.511869430541992
2025-02-14,2.089900016784668,2.4618000984191895,74.73999786376953,18.481199264526367
2025-02-17,2.089900016784668,2.4618000984191895,74.73999786376953,18.34600067138672
2025-02-18,2.086699962615967,2.4405999183654785,75.83999633789062,18.406410217285156
2025-02-19,2.0864999294281006,2.4565000534057617,76.04000091552734,18.395200729370117
2025-02-20,2.0864999294281006,2.5034000873565674,76.4800033569336,18.510400772094727
2025-02-21,2.026700019836426,2.432300090789795,74.43000030517578,18.319000244140625
2025-02-24,2.010999917984009,2.435800075531006,74.77999877929688,18.36716079711914
2025-02-25,1.9673000574111938,2.3903000354766846,73.0199966430664,18.361499786376953
2025-02-26,1.9488999843597412,2.3443000316619873,72.52999877929688,18.410999298095703
2025-02-27,1.9966000318527222,2.395900011062622,74.04000091552734,18.366249084472656
2025-02-28,1.9702999591827393,2.3548998832702637,73.18000030517578,18.42913055419922
2025-03-03,2.1877999305725098,2.2604000568389893,71.62000274658203,18.638320922851562
2025-03-04,2.194200038909912,2.2871999740600586,71.04000091552734,18.603500366210938
2025-03-05,2.13700008392334,2.240799903869629,69.30000305175781,18.470399856567383
2025-03-06,2.1012001037597656,2.22379994392395,69.45999908447266,18.295799255371094
2025-03-07,2.1087000370025635,2.2160000801086426,70.36000061035156,18.12347984313965
2025-03-10,2.0924999713897705,2.1798999309539795,69.27999877929688,18.258329391479492
2025-03-11,2.1050000190734863,2.1967999935150146,69.55999755859375,18.32900047302246
2025-03-12,2.150099992752075,2.2063000202178955,70.94999694824219,18.194690704345703
2025-03-13,2.1331000328063965,2.1621999740600586,69.87999725341797,18.334199905395508
2025-03-14,2.148699998855591,2.166599988937378,70.58000183105469,18.27400016784668
2025-03-17,2.1812000274658203,2.2037999629974365,71.06999969482422,18.19611930847168
2025-03-18,2.1684000492095947,2.194499969482422,70.55999755859375,18.075090408325195
2025-03-19,2.169600009918213,2.2318999767303467,70.77999877929688,18.105690002441406
2025-03-20,2.1910998821258545,2.254300117492676,72.0,18.09950065612793
2025-03-21,2.1953999996185303,2.2495999336242676,72.16000366210938,18.15290069580078
2025-03-24,2.2065999507904053,2.2571001052856445,73.0,18.20587921142578
2025-03-25,2.208699941635132,2.285900115966797,73.0199966430664,18.243070602416992
2025-03-26,2.232800006866455,2.2887001037597656,73.79000091552734,18.270610809326172
2025-03-27,2.2464001178741455,2.2846999168395996,74.02999877929688,18.26959991455078
2025-03-28,2.2346999645233154,2.2609000205993652,73.62999725341797,18.205350875854492
2025-03-31,2.283099889755249,2.313999891281128,74.73999786376953,18.41119956970215
2025-04-01,2.302500009536743,2.2888998985290527,74.48999786376953,18.30838966369629
2025-04-02,2.3310000896453857,2.322000026702881,74.94999694824219,18.477970123291016
2025-04-03,2.164299964904785,2.1888999938964844,70.13999938964844,18.94409942626953
2025-04-04,2.054500102996826,2.081899881362915,65.58000183105469,18.739099502563477
2025-04-07,2.0201001167297363,2.0699000358581543,64.20999908447266,19.27482032775879
2025-04-08,1.9914000034332275,2.056999921798706,62.81999969482422,19.55769920349121
2025-04-09,2.0383999347686768,2.113600015640259,65.4800033569336,19.75782012939453
2025-04-10,1.961300015449524,2.0464000701904297,63.33000183105469,19.412220001220703
2025-04-11,1.9990999698638916,2.0652999877929688,64.76000213623047,19.48649024963379
2025-04-14,2.022200107574463,2.0917000770568848,64.87999725341797,19.118560791015625
2025-04-15,2.024399995803833,2.078399896621704,64.66999816894531,18.871400833129883
2025-04-16,2.0434000492095947,2.1154000759124756,65.8499984741211,19.026330947875977
2025-04-17,2.09879994392395,2.1522998809814453,67.95999908447266,18.780250549316406
2025-04-21,2.0652999877929688,2.1089000701904297,66.26000213623047,18.780250549316406
2025-04-22,2.099600076675415,2.1486001014709473,67.44000244140625,18.697460174560547
2025-04-23,2.083899974822998,2.1268999576568604,66.12000274658203,18.607519149780273
2025-04-24,2.1057000160217285,2.143699884414673,66.55000305175781,18.659400939941406
2025-04-25,2.1189000606536865,2.16729998588562,66.87000274658203,18.749309539794922
2025-04-28,2.105799913406372,2.17549991607666,65.86000061035156,18.6824893951416
2025-04-29,2.071199893951416,2.1203999519348145,64.25,18.49449920654297
2025-04-30,2.0369999408721924,2.0367000102996826,63.119998931884766,18.513200759887695
2025-05-01,2.0492000579833984,2.01200008392334,62.130001068115234,18.53898048400879
2025-05-02,2.01990008354187,1.9931999444961548,61.290000915527344,18.540700912475586
2025-05-05,2.0227999687194824,1.9744999408721924,60.22999954223633,18.40369987487793
2025-05-06,2.064500093460083,2.0088000297546387,62.150001525878906,18.259660720825195
2025-05-07,2.0278000831604004,1.9766000509262085,61.119998931884766,18.19230079650879
2025-05-08,2.085400104522705,2.0399999618530273,62.84000015258789,18.25079917907715
2025-05-09,2.1084001064300537,2.0664000511169434,63.90999984741211,18.2106990814209
2025-05-12,2.1331000328063965,2.1110999584198,64.95999908447266,18.201749801635742
2025-05-13,2.1659998893737793,2.171299934387207,66.62999725341797,18.24401092529297
2025-05-14,2.1700000762939453,2.2060999870300293,66.08999633789062,18.297489166259766
2025-05-15,2.134399890899658,2.1659998893737793,64.52999877929688,18.215930938720703
2025-05-16,2.1417999267578125,2.1405999660491943,65.41000366210938,17.99720001220703
2025-05-19,2.1387999057769775,2.127700090408325,65.54000091552734,18.04216957092285
2025-05-20,2.152100086212158,2.1289000511169434,65.37999725341797,18.0698299407959
2025-05-21,2.1498000621795654,2.1391000747680664,64.91000366210938,17.92137908935547
2025-05-22,2.131200075149536,2.117500066757202,64.44000244140625,17.97150993347168
2025-05-23,2.1092000007629395,2.10479998588562,64.77999877929688,18.005889892578125
2025-05-26,2.1092000007629395,2.10479998588562,64.77999877929688,17.811899185180664
2025-05-27,2.071500062942505,2.079400062561035,64.08999633789062,17.830799102783203
2025-05-28,2.089200019836426,2.088099956512451,64.9000015258789,17.946870803833008
2025-05-29,2.0594000816345215,2.0481998920440674,64.1500015258789,17.964099884033203
2025-05-30,2.0383999347686768,2.017199993133545,63.900001525878906,17.782249450683594
2025-06-02,2.052500009536743,2.0445001125335693,64.62999725341797,17.967790603637695
2025-06-03,2.0787999629974365,2.099900007247925,65.62999725341797,17.830699920654297
2025-06-04,2.0339999198913574,2.0701000690460205,64.86000061035156,17.84756088256836
2025-06-05,2.0629000663757324,2.0945000648498535,65.33999633789062,17.808429718017578
2025-06-06,2.0768001079559326,2.1252999305725098,66.47000122070312,17.704139709472656
2025-06-09,2.0952000617980957,2.146399974822998,67.04000091552734,17.766019821166992
2025-06-10,2.0880000591278076,2.1415998935699463,66.87000274658203,17.70840072631836
2025-06-11,2.166800022125244,2.2053000926971436,69.7699966430664,17.68400001525879
2025-06-12,2.142899990081787,2.188699960708618,69.36000061035156,17.68670082092285
2025-06-13,2.22760009765625,2.3587000370025635,74.2300033569336,17.7549991607666
2025-06-16,2.219899892807007,2.3933000564575195,73.2300033569336,17.931970596313477
2025-06-17,2.271899938583374,2.5051000118255615,76.44999694824219,17.815589904785156
2025-06-18,2.3085999488830566,2.533400058746338,76.69999694824219,17.983699798583984
2025-06-19,2.3085999488830566,2.533400058746338,76.69999694824219,18.018999099731445
2025-06-20,2.3294999599456787,2.541800022125244,77.01000213623047,17.99456024169922
2025-06-23,2.2181999683380127,2.363100051879883,71.4800033569336,18.061199188232422
2025-06-24,2.085700035095215,2.285099983215332,67.13999938964844,17.814800262451172
2025-06-25,2.08240008354187,2.2964000701904297,67.68000030517578,17.721599578857422
2025-06-26,2.0989999771118164,2.360100030899048,67.7300033569336,17.7007999420166
2025-06-27,2.0897998809814453,2.3071999549865723,67.7699966430664,17.860599517822266
2025-06-30,2.0797998905181885,2.3457999229431152,67.61000061035156,17.77079963684082
2025-07-01,2.1003000736236572,2.326900005340576,67.11000061035156,17.705299377441406
2025-07-02,2.1229000091552734,2.4117000102996826,69.11000061035156,17.592470169067383
2025-07-03,2.1185998916625977,2.369800090789795,68.80000305175781,17.559099197387695
2025-07-04,2.1171000003814697,2.4089999198913574,68.29000091552734,17.503400802612305
2025-07-07,2.1521999835968018,2.421099901199341,69.58000183105469,17.58970069885254
2025-07-08,2.184999942779541,2.4412999153137207,70.1500015258789,17.85569953918457
2025-07-09,2.1879000663757324,2.4091999530792236,70.19000244140625,17.77581024169922
2025-07-10,2.152400016784668,2.383500099182129,68.63999938964844,17.80755043029785
2025-07-11,2.187000036239624,2.4474000930786133,70.36000061035156,17.721099853515625
2025-07-14,2.1654000282287598,2.3898000717163086,69.20999908447266,17.927900314331055
2025-07-15,2.169600009918213,2.4052000045776367,68.70999908447266,17.903799057006836
2025-07-16,2.1440000534057617,2.3914999961853027,68.5199966430664,17.894420623779297
2025-07-17,2.1703999042510986,2.464600086212158,69.5199966430664,17.822900772094727
2025-07-18,2.15339994430542,2.453000068664551,69.27999877929688,17.801700592041016
2025-07-21,2.1319000720977783,2.509200096130371,69.20999908447266,17.7007999420166
2025-07-22,2.101900100708008,2.4518001079559326,68.58999633789062,17.597200393676758
2025-07-23,2.121299982070923,2.4489998817443848,68.51000213623047,17.550899505615234
2025-07-24,2.1041998863220215,2.412899971008301,69.18000030517578,17.511699676513672
2025-07-25,2.0969998836517334,2.4061999320983887,68.44000244140625,17.613100051879883
2025-07-28,2.135200023651123,2.4265999794006348,70.04000091552734,17.738100051879883
2025-07-29,2.218400001525879,2.4637999534606934,72.51000213623047,17.88990020751953
2025-07-30,2.2690999507904053,2.4184999465942383,73.23999786376953,17.867700576782227
2025-07-31,2.21560001373291,2.3994998931884766,72.52999877929688,17.981779098510742
2025-08-01,2.1185998916625977,2.2999000549316406,69.66999816894531,18.210580825805664
2025-08-04,2.1022000312805176,2.3176000118255615,68.76000213623047,18.012100219726562
2025-08-05,2.0915000438690186,2.250200033187866,67.63999938964844,17.919700622558594
2025-08-06,2.090399980545044,2.2627999782562256,66.88999938964844,17.891599655151367
2025-08-07,2.077500104904175,2.2667999267578125,66.43000030517578,17.77482032775879
2025-08-08,2.0861001014709473,2.2792999744415283,66.58999633789062,17.6931095123291
2025-08-11,2.0766000747680664,2.2909998893737793,66.62999725341797,17.732099533081055
2025-08-12,2.074399948120117,2.2441000938415527,66.12000274658203,17.752099990844727
2025-08-13,2.0703999996185303,2.242799997329712,65.62999725341797,17.566699981689453
2025-08-14,2.1092000007629395,2.234499931335449,66.83999633789062,17.496379852294922
2025-08-15,2.072499990463257,2.2249999046325684,65.8499984741211,17.58032989501953
2025-08-18,2.0987000465393066,2.240299940109253,66.5999984741211,17.575899124145508
2025-08-19,2.0889999866485596,2.2511000633239746,65.79000091552734,17.624540328979492
2025-08-20,2.1282999515533447,2.279599905014038,66.83999633789062,17.69993019104004
2025-08-21,2.1596999168395996,2.3250999450683594,67.66999816894531,17.66860008239746
2025-08-22,2.1584999561309814,2.3080999851226807,67.7300033569336,17.703519821166992
2025-08-25,2.1482999324798584,2.3475000858306885,68.80000305175781,17.429529190063477
2025-08-26,2.122299909591675,2.2804999351501465,67.22000122070312,17.612899780273438
2025-08-27,2.148900032043457,2.295300006866455,68.05000305175781,17.62042999267578
2025-08-28,2.1991000175476074,2.309799909591675,68.62000274658203,17.68090057373047
2025-08-29,2.1875998973846436,2.266700029373169,68.12000274658203,17.68086051940918
2025-09-01,2.1875998973846436,2.266700029373169,68.12000274658203,17.638599395751953
2025-09-02,2.042799949645996,2.3743999004364014,69.13999938964844,17.616239547729492
2025-09-03,2.01200008392334,2.3608999252319336,67.5999984741211,17.696399688720703
2025-09-04,2.009500026702881,2.330699920654297,66.98999786376953,17.653799057006836
2025-09-05,1.9642000198364258,2.2869999408721924,65.5,17.743900299072266
2025-09-08,1.9586000442504883,2.3118999004364014,66.0199966430664,17.60070037841797
2025-09-09,1.9924999475479126,2.3199000358581543,66.38999938964844,17.46240997314453
2025-09-10,2.007999897003174,2.333699941635132,67.48999786376953,17.53380012512207
2025-09-11,1.9793000221252441,2.281899929046631,66.37000274658203,17.47480010986328
2025-09-12,1.9853999614715576,2.2899999618530273,66.98999786376953,17.346599578857422
2025-09-15,2.013400077819824,2.3310999870300293,67.44000244140625,17.348560333251953
2025-09-16,2.041599988937378,2.3935000896453857,68.47000122070312,17.3605899810791
2025-09-17,2.028700113296509,2.35479998588562,67.94999694824219,17.337570190429688
2025-09-18,2.011399984359741,2.3399999141693115,67.44000244140625,17.375499725341797
2025-09-19,1.9707000255584717,2.2988998889923096,66.68000030517578,17.340330123901367
2025-09-22,1.9781999588012695,2.29229998588562,66.56999969482422,17.319110870361328
2025-09-23,1.9990999698638916,2.328000068664551,67.62999725341797,17.330900192260742
2025-09-24,2.0188000202178955,2.37719988822937,69.30999755859375,17.228099822998047
2025-09-25,2.00219988822937,2.426500082015991,69.41999816894531,17.327280044555664
2025-09-26,2.037600040435791,2.4289000034332275,70.12999725341797,17.422000885009766
2025-09-29,1.9951000213623047,2.356600046157837,67.97000122070312,17.34040069580078
2025-09-30,1.9729000329971313,2.3324999809265137,67.0199966430664,17.250200271606445
2025-10-01,1.8859000205993652,2.3018999099731445,65.3499984741211,17.27267074584961
2025-10-02,1.8509999513626099,2.243499994277954,64.11000061035156,17.206579208374023
2025-10-03,1.8604999780654907,2.236299991607666,64.52999877929688,17.270299911499023
2025-10-06,1.9016000032424927,2.24429988861084,65.47000122070312,17.257659912109375
2025-10-07,1.8939000368118286,2.2653000354766846,65.44999694824219,17.151199340820312
2025-10-08,1.909500002861023,2.291300058364868,66.25,17.209299087524414
2025-10-09,1.882599949836731,2.2802999019622803,65.22000122070312,17.152050018310547
2025-10-10,1.8203999996185303,2.204400062561035,62.72999954223633,17.19162940979004
2025-10-13,1.8437999486923218,2.2497000694274902,63.31999969482422,17.41132926940918
2025-10-14,1.8286000490188599,2.1975998878479004,62.38999938964844,17.32033920288086
2025-10-15,1.8344000577926636,2.174799919128418,61.90999984741211,17.385459899902344
2025-10-16,1.8116999864578247,2.1535000801086426,61.060001373291016,17.34510040283203
2025-10-17,1.8377000093460083,2.180000066757202,61.290000915527344,17.335460662841797
2025-10-20,1.830199956893921,2.1921000480651855,61.0099983215332,17.3656005859375
2025-10-21,1.8252999782562256,2.2058000564575195,61.31999969482422,17.217859268188477
2025-10-22,1.8650000095367432,2.2495999336242676,62.59000015258789,17.38779067993164
2025-10-23,1.926900029182434,2.4030001163482666,65.98999786376953,17.415790557861328
2025-10-24,1.922700047492981,2.40310001373291,65.94000244140625,17.32200050354004
2025-10-27,1.9204000234603882,2.4361000061035156,65.62000274658203,17.199499130249023
2025-10-28,1.9251999855041504,2.387200117111206,64.4000015258789,17.21092987060547
2025-10-29,1.9737000465393066,2.424299955368042,64.91999816894531,17.14674949645996
2025-10-30,2.0034000873565674,2.4600000381469727,65.0,17.162700653076172
2025-10-31,1.9931000471115112,2.4312000274658203,65.06999969482422,17.275890350341797
2025-11-03,1.916100025177002,2.4052999019622803,64.88999938964844,17.28927993774414
2025-11-04,1.9227999448776245,2.4446001052856445,64.44000244140625,17.29412078857422
2025-11-05,1.9092999696731567,2.432499885559082,63.52000045776367,17.491039276123047
2025-11-06,1.9656000137329102,2.4960999488830566,63.380001068115234,17.399799346923828
2025-11-07,1.9402999877929688,2.482100009918213,63.630001068115234,17.353029251098633
2025-11-10,1.9710999727249146,2.5104000568389893,64.05999755859375,17.30554962158203
2025-11-11,2.01200008392334,2.575700044631958,65.16000366210938,17.145610809326172
2025-11-12,1.955399990081787,2.481600046157837,62.709999084472656,17.15203094482422
2025-11-13,1.9596999883651733,2.4646999835968018,63.0099983215332,17.087230682373047
2025-11-14,2.0116000175476074,2.531100034713745,64.38999938964844,17.038570404052734
2025-11-17,1.9901000261306763,2.546999931335449,64.19999694824219,17.08218002319336
2025-11-18,1.9993000030517578,2.7011001110076904,64.88999938964844,17.171049118041992
2025-11-19,1.9321000576019287,2.635699987411499,63.5099983215332,17.166799545288086
2025-11-20,1.9184000492095947,2.5332999229431152,63.380001068115234,17.178800582885742
2025-11-21,1.8833999633789062,2.456399917602539,62.560001373291016,17.212350845336914
2025-11-24,1.8966000080108643,2.406100034713745,63.369998931884766,17.36482048034668
2025-11-25,1.857200026512146,2.353800058364868,62.47999954223633,17.291170120239258
2025-11-26,1.8890000581741333,2.325500011444092,63.130001068115234,17.20210075378418
2025-11-27,1.8890000581741333,2.325500011444092,63.130001068115234,17.131099700927734
2025-11-28,1.895900011062622,2.3329999446868896,63.20000076293945,17.140869140625
2025-12-01,1.868899941444397,2.3399999141693115,63.16999816894531,17.109420776367188
2025-12-02,1.830299973487854,2.312700033187866,62.45000076293945,17.0743408203125
2025-12-03,1.8272000551223755,2.300800085067749,62.66999816894531,17.09333038330078
2025-12-04,1.8271000385284424,2.3036999702453613,63.2599983215332,17.032760620117188
2025-12-05,1.8341000080108643,2.3629000186920166,63.75,16.98200035095215
2025-12-08,1.7980999946594238,2.2981998920440674,62.4900016784668,16.93058967590332
2025-12-09,1.7897000312805176,2.2600998878479004,61.939998626708984,17.025800704956055
2025-12-10,1.781499981880188,2.2730000019073486,62.209999084472656,17.02790069580078
2025-12-11,1.7597999572753906,2.2288999557495117,61.279998779296875,16.922800064086914
2025-12-12,1.7520999908447266,2.197999954223633,61.119998931884766,16.851699829101562
2025-12-15,1.732300043106079,2.1805999279022217,60.560001373291016,16.858869552612305
2025-12-16,1.680899977684021,2.1285998821258545,58.91999816894531,16.782529830932617
2025-12-17,1.6943000555038452,2.1494998931884766,59.68000030517578,16.73332977294922
2025-12-18,1.701300024986267,2.1315999031066895,59.81999969482422,16.766679763793945
2025-12-19,1.7081999778747559,2.1219000816345215,60.470001220703125,16.71702003479004
2025-12-22,1.7422000169754028,2.158099889755249,62.06999969482422,16.74496078491211
2025-12-23,1.7431999444961548,2.1905999183654785,62.380001068115234,16.696500778198242
2025-12-24,1.7470999956130981,2.157599925994873,62.2400016784668,16.668699264526367
2025-12-26,1.697100043296814,2.1070001125335693,60.63999938964844,16.627199172973633
2025-12-29,1.7151999473571777,2.127500057220459,61.939998626708984,16.65920066833496
2025-12-30,1.7209999561309814,2.1505000591278076,61.91999816894531,16.672700881958008
2025-12-31,1.705399990081787,2.1205999851226807,60.849998474121094,16.58547019958496
2026-01-02,1.698199987411499,2.1150999069213867,60.75,16.551599502563477
2026-01-05,1.7200000286102295,2.1428000926971436,61.7599983215332,16.49650001525879
2026-01-06,1.700600028038025,2.0829999446868896,60.70000076293945,16.359729766845703
2026-01-07,1.6944999694824219,2.0566999912261963,59.959999084472656,16.35487937927246
2026-01-08,1.7603000402450562,2.119499921798706,61.9900016784668,16.446640014648438
2026-01-09,1.7805999517440796,2.134999990463257,63.34000015258789,16.512060165405273
2026-01-12,1.7937999963760376,2.154400110244751,63.869998931884766,16.474519729614258
2026-01-13,1.8265000581741333,2.2383999824523926,65.47000122070312,16.37459945678711
2026-01-14,1.830399990081787,2.281899929046631,66.5199966430664,16.38578987121582
2026-01-15,1.7838000059127808,2.2083001136779785,63.7599983215332,16.38875961303711
2026-01-16,1.7851999998092651,2.237600088119507,64.12999725341797,16.3302001953125
2026-01-19,1.7851999998092651,2.237600088119507,64.12999725341797,16.408000946044922
2026-01-20,1.823799967765808,2.3385000228881836,64.91999816894531,16.370819091796875
2026-01-21,1.8573999404907227,2.430500030517578,65.23999786376953,16.41029930114746
2026-01-22,1.817199945449829,2.36680006980896,64.05999755859375,16.262710571289062
2026-01-23,1.8509999513626099,2.428499937057495,65.87999725341797,16.12579917907715
2026-01-26,1.820099949836731,2.568000078201294,65.58999633789062,16.04631996154785
2026-01-27,1.8652000427246094,2.646199941635132,67.56999969482422,16.014999389648438
2026-01-28,1.892300009727478,2.666100025177002,68.4000015258789,15.857760429382324
2026-01-29,1.9199999570846558,2.585400104522705,70.70999908447266,15.710020065307617
2026-01-30,1.9227999448776245,2.735599994659424,70.69000244140625,15.7183198928833
2026-02-02,1.8514000177383423,2.359800100326538,66.30000305175781,16.137269973754883
2026-02-03,1.8978999853134155,2.4093000888824463,67.33000183105469,16.053630828857422
2026-02-04,1.9651999473571777,2.4700000286102295,69.45999908447266,15.931839942932129
2026-02-05,1.9265999794006348,2.393199920654297,67.55000305175781,16.07012939453125
2026-02-06,1.9531999826431274,2.413300037384033,68.05000305175781,16.241300582885742
2026-02-09,1.9854999780654907,2.4168999195098877,69.04000091552734,15.992159843444824
2026-02-10,1.9592000246047974,2.3987998962402344,68.80000305175781,15.894000053405762
2026-02-11,1.9788999557495117,2.4403998851776123,69.4000015258789,15.92609977722168
2026-02-12,1.9158999919891357,2.392699956893921,67.5199966430664,15.869400024414062
2026-02-13,1.9110000133514404,2.3879001140594482,67.75,15.947830200195312
2026-02-16,1.9110000133514404,2.3879001140594482,67.75,15.928319931030273
2026-02-17,1.9143999814987183,2.3905999660491943,67.41999816894531,15.95740032196045
2026-02-18,1.968000054359436,2.518699884414673,70.3499984741211,16.025100708007812
2026-02-19,2.0065999031066895,2.6147000789642334,71.66000366210938,16.06279945373535
2026-02-20,1.9973000288009644,2.5857999324798584,71.76000213623047,16.13558006286621
2026-02-23,1.9891999959945679,2.6782000064849854,71.48999786376953,15.961400032043457
2026-02-24,1.9714000225067139,2.6868999004364014,70.7699966430664,15.999580383300781
2026-02-25,1.9914000034332275,2.6740000247955322,70.8499984741211,15.951399803161621
2026-02-26,2.0322999954223633,2.612499952316284,70.75,15.843179702758789
2026-02-27,2.077899932861328,2.6709001064300537,72.4800033569336,15.9173002243042
2026-03-02,2.3705999851226807,2.900399923324585,77.73999786376953,16.059579849243164
2026-03-03,2.45740008354187,3.1868999004364014,81.4000015258789,16.07469940185547
2026-03-04,2.514899969100952,3.293800115585327,81.4000015258789,16.481090545654297
2026-03-05,2.6709001064300537,3.614300012588501,85.41000366210938,16.314889907836914
2026-03-06,2.7465999126434326,3.6224000453948975,92.69000244140625,16.622779846191406
2026-03-09,2.8083999156951904,3.5866000652313232,98.95999908447266,16.769359588623047
2026-03-10,2.6403000354766846,3.34660005569458,87.80000305175781,16.32908058166504
2026-03-11,2.788300037384033,3.678800106048584,91.9800033569336,16.281810760498047
2026-03-12,2.964600086212158,3.898900032043457,100.45999908447266,16.57607078552246
2026-03-13,3.0413999557495117,4.014699935913086,103.13999938964844,16.756179809570312
2026-03-16,3.0002999305725098,3.8375000953674316,100.20999908447266,16.8702392578125
2026-03-17,3.1233999729156494,4.0157999992370605,103.41999816894531,16.669099807739258
2026-03-18,3.0985000133514404,4.197800159454346,107.37999725341797,16.67259979248047
2026-03-19,3.1270999908447266,4.3420000076293945,108.6500015258789,16.964399337768555
2026-03-20,3.2862000465393066,4.608399868011475,112.19000244140625,16.722700119018555
2026-03-23,2.974900007247925,4.056000232696533,99.94000244140625,17.07794952392578
2026-03-24,3.1480000019073486,4.290900230407715,104.48999786376953,16.833229064941406
2026-03-25,3.012399911880493,4.00629997253418,102.22000122070312,16.906160354614258
2026-03-26,3.130199909210205,4.273399829864502,108.01000213623047,16.977649688720703
2026-03-27,3.2500998973846436,4.495500087738037,112.56999969482422,17.077749252319336
2026-03-30,3.3515000343322754,4.364299774169922,112.77999877929688,17.157400131225586
2026-03-31,3.312299966812134,4.163400173187256,118.3499984741211,17.19087028503418
2026-04-01,3.091399908065796,4.05679988861084,101.16000366210938,16.865190505981445
2026-04-02,3.2880001068115234,4.361100196838379,109.02999877929688,16.81753921508789
2026-04-03,3.2880001068115234,4.361100196838379,109.02999877929688,16.93515968322754
2026-04-06,3.308199882507324,4.328400135040283,109.7699966430664,16.969289779663086
2026-04-07,3.3052000999450684,4.477399826049805,109.2699966430664,16.86086082458496
2026-04-08,3.0058999061584473,3.8083999156951904,94.75,16.44658088684082
2026-04-09,3.000699996948242,3.937000036239624,95.91999816894531,16.41822052001953
2026-04-10,3.0373001098632812,3.7616000175476074,95.19999694824219,16.377939224243164
2026-04-13,3.115999937057495,3.8341000080108643,99.36000061035156,16.547779083251953
2026-04-14,3.0394999980926514,3.624300003051758,94.79000091552734,16.38050079345703
2026-04-15,3.069200038909912,3.753200054168701,94.93000030517578,16.319080352783203
2026-04-16,3.1637001037597656,3.832900047302246,99.38999938964844,16.350000381469727
2026-04-17,3.0048000812530518,3.39739990234375,90.37999725341797,16.39929962158203
2026-04-20,3.11680006980896,3.5408999919891357,95.4800033569336,16.417299270629883
2026-04-21,3.2098000049591064,3.728800058364868,98.4800033569336,16.354000091552734
2026-04-22,3.3578999042510986,3.9379000663757324,101.91000366210938,16.466339111328125
2026-04-23,3.462100028991699,3.9881999492645264,105.06999969482422,16.462299346923828
2026-04-24,3.462599992752075,3.887399911880493,105.33000183105469,16.626039505004883
2026-04-27,3.490999937057495,3.9746999740600586,108.2300033569336,16.586389541625977
2026-04-28,3.5604000091552734,3.9711999893188477,111.26000213623047,16.527799606323242
2026-04-29,3.7411000728607178,4.198699951171875,118.02999877929688,16.528060913085938
2026-04-30,3.7715001106262207,4.138400077819824,114.01000213623047,16.80573081970215
2026-05-01,3.5952000617980957,3.9463999271392822,108.16999816894531,16.66659927368164
2026-05-04,3.7381999492645264,4.073200225830078,114.44000244140625,16.57720947265625
2026-05-05,3.6205999851226807,4.030200004577637,109.87000274658203,16.788000106811523
2026-05-06,3.4593000411987305,3.785599946975708,101.2699966430664,16.576229095458984
2026-05-07,3.4560000896453857,3.8166000843048096,100.05999755859375,16.399499893188477
2026-05-08,3.526700019836426,3.8991000652313232,101.29000091552734,16.43829917907715
2026-05-11,3.5998001098632812,3.968600034713745,104.20999908447266,16.42591094970703
2026-05-12,3.697700023651123,4.15880012512207,107.7699966430664,16.430599212646484
2026-05-13,3.6187000274658203,3.9667000770568848,105.62999725341797,16.511629104614258
2026-05-14,3.6057000160217285,3.905600070953369,105.72000122070312,16.3870906829834
2026-05-15,3.701900005340576,4.053400039672852,109.26000213623047,16.484399795532227
2026-05-18,3.760699987411499,4.114500045776367,112.0999984741211,16.71363067626953
2026-05-19,3.696199893951416,4.162499904632568,111.27999877929688,16.572799682617188
2026-05-20,3.4874000549316406,3.9470999240875244,105.0199966430664,16.696609497070312
2026-05-21,3.3796000480651855,3.8315999507904053,102.58000183105469,16.457679748535156
2026-05-22,3.453900098800659,3.8877999782562256,103.54000091552734,16.43720054626465
2026-05-25,3.453900098800659,3.8877999782562256,103.54000091552734,16.34756088256836
2026-05-26,3.2204999923706055,3.714600086212158,99.58000183105469,16.31053924560547
2026-05-27,3.133699893951416,3.5975000858306885,94.29000091552734,16.361759185791016
2026-05-28,3.1851999759674072,3.6187000274658203,93.70999908447266,16.36949920654297
2026-05-29,3.126699924468994,3.5373001098632812,92.05000305175781,16.21923065185547
2026-06-01,3.084700107574463,3.639400005340576,94.9800033569336,16.22995948791504
2026-06-02,3.1442999839782715,3.698699951171875,96.0,16.292980194091797
2026-06-03,3.1315999031066895,3.848099946975708,97.80999755859375,16.253400802612305
2026-06-04,3.038300037384033,3.673799991607666,95.02999877929688,16.339099884033203
2026-06-05,3.0459001064300537,3.587399959564209,93.08999633789062,16.306900024414062
2026-06-08,3.0706000328063965,3.599900007247925,94.25,16.5575008392334
2026-06-09,3.0211000442504883,3.541800022125244,91.44999694824219,16.526100158691406
2026-06-10,3.1098999977111816,3.612600088119507,93.0999984741211,16.448699951171875
2026-06-11,3.1013998985290527,3.5130999088287354,90.37999725341797,16.582679748535156
2026-06-12,3.049799919128418,3.404400110244751,87.33000183105469,16.280500411987305
2026-06-15,2.947200059890747,3.2664999961853027,83.16999816894531,16.168399810791016
2026-06-16,2.880500078201294,3.1702001094818115,78.95999908447266,16.184349060058594
2026-06-17,2.909600019454956,3.1946001052856445,79.55000305175781,16.188600540161133
2026-06-18,2.9948999881744385,3.1273000240325928,79.8499984741211,16.363759994506836
2026-06-19,2.9948999881744385,3.1273000240325928,79.8499984741211,16.44029998779297
2026-06-22,2.986999988555908,3.093100070953369,77.9000015258789,16.45012092590332
2026-06-23,2.9590001106262207,3.154599905014038,77.08000183105469,16.394500732421875
2026-06-24,2.8817999362945557,3.1761999130249023,73.73999786376953,16.536699295043945
2026-06-25,3.0272998809814453,3.2981998920440674,75.26000213623047,16.56439971923828
2026-06-26,2.9570999145507812,3.208199977874756,71.98999786376953,16.501380920410156
2026-06-29,3.0613999366760254,3.331700086593628,73.1500015258789,16.474700927734375
2026-06-30,3.014400005340576,3.316800117492676,72.91999816894531,16.419330596923828
2026-07-01,2.945199966430664,3.217900037765503,71.56999969482422,16.374799728393555
2026-07-02,2.91729998588562,3.1821999549865723,71.80000305175781,16.394800186157227
2026-07-03,2.91729998588562,3.1821999549865723,71.80000305175781,16.2632999420166
2026-07-06,3.0032999515533447,3.2983999252319336,71.98999786376953,16.230409622192383
2026-07-07,2.953900098800659,3.3017001152038574,74.16000366210938,16.198699951171875
2026-07-08,3.1033999919891357,3.6575000286102295,78.0199966430664,16.320899963378906
2026-07-09,3.0387001037597656,3.5715999603271484,76.30000305175781,16.400299072265625
2026-07-10,2.984600067138672,3.553299903869629,76.01000213623047,16.315000534057617
2026-07-13,3.166300058364868,3.8236000537872314,83.30000305175781,16.354900360107422
2026-07-14,3.227299928665161,4.0142998695373535,84.7300033569336,16.467830657958984
2026-07-15,3.3008999824523926,3.9482998847961426,84.94999694824219,16.34670066833496
2026-07-16,3.2846999168395996,4.030700206756592,84.2300033569336,16.31800079345703
2026-07-17,3.392699956893921,4.064599990844727,88.0999984741211,16.40117073059082
2026-07-20,3.3889999389648438,4.11899995803833,89.22000122070312,16.55352020263672
2026-07-21,3.405900001525879,4.1265997886657715,91.01000213623047,16.499900817871094
2026-07-22,3.4147000312805176,4.148799896240234,94.06999969482422,16.459999084472656
2026-07-23,3.4964001178741455,4.341599941253662,100.69000244140625,16.393550872802734
2026-07-24,3.395900011062622,4.180600166320801,96.77999877929688,16.815940856933594
2026-07-27,3.3273000717163086,4.111599922180176,88.36000061035156,16.709060668945312
2026-07-28,3.3345000743865967,4.150899887084961,84.08999633789062,16.7785701751709
2026-07-29,3.3977999687194824,4.370100021362305,90.73999786376953,16.702030181884766
2026-07-30,3.2846999168395996,4.209400177001953,89.02999877929688,16.660430908203125
2026-07-31,3.22160005569458,4.121500015258789,90.12000274658203,16.5
2026-08-03,2.9667000770568848,3.87719988822937,83.7699966430664,16.45832061767578
2026-08-04,2.8522000312805176,3.7704999446868896,79.36000061035156,16.523000717163086
2026-08-05,2.8387999534606934,3.7962000370025635,79.44999694824219,16.382699966430664
2026-08-06,2.938499927520752,3.881999969482422,82.48999786376953,16.304800033569336
2026-08-07,2.985300064086914,3.902400016784668,83.55000305175781,16.341899871826172
2026-08-10,3.1354000568389893,4.189799785614014,87.72000122070312,16.151859283447266
2026-08-11,3.1366000175476074,4.252500057220459,88.91000366210938,16.18549919128418
2026-08-12,3.153700113296509,4.303999900817871,88.9800033569336,16.185199737548828
2026-08-13,3.128000020980835,4.2505998611450195,87.06999969482422,16.13787078857422
2026-08-14,3.1840999126434326,4.282899856567383,88.5199966430664,16.183300018310547
2026-08-17,3.2701001167297363,4.437099933624268,90.87000274658203,16.191200256347656
2026-08-18,3.3017001152038574,4.450099945068359,91.0199966430664,16.22199058532715
2026-08-19,3.2551000118255615,4.452300071716309,91.62000274658203,16.25275993347168
2026-08-20,3.2629001140594482,4.480299949645996,93.77999877929688,16.090099334716797
2026-08-21,3.347899913787842,4.494800090789795,94.38999938964844,16.101999282836914
2026-08-24,3.2708001136779785,4.2677001953125,92.16999816894531,15.993789672851562
2026-08-25,3.2528998851776123,4.243800163269043,88.58000183105469,15.99269962310791
2026-08-26,3.3201000690460205,4.260000228881836,87.83999633789062,15.924240112304688
2026-08-27,3.384200096130371,4.27869987487793,89.69999694824219,15.943499565124512
2026-08-28,3.4899001121520996,4.3566999435424805,89.30999755859375,15.991499900817871
2026-08-31,3.437000036239624,4.495299816131592,90.48999786376953,16.168729782104492
2026-09-01,3.1350998878479004,4.677299976348877,94.6500015258789,16.092100143432617
2026-09-02,3.103800058364868,4.682199954986572,95.62999725341797,16.15587043762207
2026-09-03,3.1349000930786133,4.593599796295166,95.5199966430664,16.06277084350586
2026-09-04,3.214600086212158,4.540200233459473,96.27999877929688,15.977499961853027
2026-09-07,3.214600086212158,4.540200233459473,96.27999877929688,15.960129737854004
2026-09-08,3.252500057220459,4.567800045013428,97.91999816894531,15.983189582824707
2026-09-09,3.210599899291992,4.801000118255615,101.20999908447266,16.00687026977539
2026-09-10,3.393199920654297,5.057499885559082,107.62999725341797,16.039520263671875
2026-09-11,3.3071999549865723,4.9593000411987305,104.61000061035156,16.202560424804688
2026-09-14,3.3171000480651855,4.96150016784668,105.68000030517578,16.178279876708984
2026-09-15,3.4651999473571777,5.26200008392334,108.75,16.248119354248047
2026-09-16,3.484999895095825,5.246500015258789,105.83000183105469,16.267240524291992
2026-09-17,3.5072999000549316,5.113900184631348,104.81999969482422,16.37639045715332
2026-09-18,3.527600049972534,5.057799816131592,103.87000274658203,16.255050659179688
2026-09-21,3.469899892807007,4.889500141143799,100.33999633789062,16.238500595092773
2026-09-22,3.487499952316284,4.9421000480651855,99.25,16.219999313354492
2026-09-23,3.5869998931884766,4.776400089263916,103.08000183105469,16.161800384521484
2026-09-24,3.5645999908447266,4.730299949645996,106.5999984741211,16.368179321289062
2026-09-25,3.393399953842163,4.684700012207031,104.31999969482422,16.430500030517578
2026-09-28,3.3376998901367188,4.755300045013428,105.27999877929688,16.341449737548828
2026-09-29,3.2781999111175537,4.897900104522705,102.58999633789062,16.405559539794922
2026-09-30,3.4377999305725098,4.956900119781494,103.52999877929688,16.390989303588867
2026-10-01,3.402600049972534,4.642000198364258,102.30999755859375,16.419639587402344
2026-10-02,3.3124001026153564,4.501100063323975,102.25,16.698970794677734
2026-10-05,3.2255001068115234,4.507800102233887,100.27999877929688,16.65336036682129
2026-10-06,3.2255001068115234,4.507800102233887,100.27999877929688,16.641700744628906
